ID,Holder,Number,EIngebaut (von oben),Position,Formula,Minerale,Description,Comment,Referenz,SiO2,TiO2,Al2O3,Cr2O3,CrO3,Fe2O3,FeO,NiO,MgO,MnO,CaO,Na2O,K2O,H2O,Li2O,BeO,CO2,P2O5,SO3,ClO,V2O5,CoO,ZnO,As2O3,Rb2O,SrO,Y2O3,ZrO2,NbO2,SnO2,Cs2O,BaO,WO3,REE2O3,Sc2O3 ,La2O3,Ce2O3,Pr2O3,Nd2O3,Sm2O3,Eu2O3,Gd2O3,Tb2O3,Dy2O3,Ho2O3,Er2O3,Tm2O3,Yb2O3,Lu2O3,HfO2,PbO,ThO2,UO2,U3O8,Si,Mg,Fe,Ca,B,N,Na,Ni,Ti,Mn,F,Li,S,C,P,Cl,Co,Cu,Zn,An,Cd,Sc,Cr,Pt,Tb,Hf,Nb,Ce,Cs,Ga,Be,Ag,Ru,As,Se,Al,Ge,In,Br,Ir,Mo,Sn,Sb,Dy,Pd,Er,Ta,Re,Sr,Rh,Te,Au,I,O,Hg,La,Tl,Pb,Bi,Ba,V,W,Y,Zr,Total,cps/nA,TAP1,TAPL2,/,TAPL4,/,,PET1,PETL2,PETL3,/,PETH5,,/,/,LIFL3,/,LIFH5,sonstige Kristalle
1,Block 3,,ja,,Al2O3,Korund,,,"Jeol, STDB 1",,,99.99,,,,,,,,,,,,,,,,,,,,,,,,,,,,,,,,,,,,,,,,,,,,,,,,,,,,,,,,,,,,,,,,,,,,,,,,,,,,,,,,,,,,,,,,,,,,,,,,,,,,,,,,,,,,,,,,,,,,99.99,,,,,,,,,,,,,,,,,,,
2,Block 3,,ja,,Al2SiO5,Kyanit,,,"Jeol, STDB 1",36.90,,62.60,,,,0.20,,,,,,,,,,,,,,,,,,,,,,,,,,,,,,,,,,,,,,,,,,,,,,,,,,,,,,,,,,,,,,,,,,,,,,,,,,,,,,,,,,,,,,,,,,,,,,,,,,,,,,,,,,,,,,,,99.70,,,,,,,,,,,,,,,,,,,
3,Block 3,,ja,,CaF2,Fluorit,,,"Jeol, STDB 1",,,,,,,,,,,,,,,,,,,,,,,,,,,,,,,,,,,,,,,,,,,,,,,,,,,,,,,,,,51.30,,,,,,,48.10,,,,,,,,,,,,,,,,,,,,,,,,,,,,,,,,,,,,,,,,,,,,,,,,,,,,,,99.40,,,,,,,,,,,,,,,,,,,
4,Block 3,,ja,,CaSiO3,Wollastonit,,,"Jeol, STDB 1",51.95,,,,,,0.11,,0.10,0.40,47.70,,,,,,,,,,,,,,,,,,,,,,,,,,,,,,,,,,,,,,,,,,,,,,,,,,,,,,,,,,,,,,,,,,,,,,,,,,,,,,,,,,,,,,,,,,,,,,,,,,,,,,,,,,,,100.26,,,,,,,,,,,,,,,,,,,
5,Block 3,,ja,,CoO,,,,"Jeol, STDB 1",,,,,,,,,,,,,,,,,,,,,,99.99,,,,,,,,,,,,,,,,,,,,,,,,,,,,,,,,,,,,,,,,,,,,,,,,,,,,,,,,,,,,,,,,,,,,,,,,,,,,,,,,,,,,,,,,,,,,,,,,,99.99,,,,,,,,,,,,,,,,,,,
6,Block 3,,ja,,Fe2O3,Hämatit,,,"Jeol, STDB 1",,,,,,99.90,,,,,,,,,,,,,,,,,,,,,,,,,,,,,,,,,,,,,,,,,,,,,,,,,,,,,,,,,,,,,,,,,,,,,,,,,,,,,,,,,,,,,,,,,,,,,,,,,,,,,,,,,,,,,,,,,99.90,,,,,,,,,,,,,,,,,,,
7,Block 3,,ja,,FeS2,Pyrit,,,"Jeol, STDB 1",,,,,,,,,,,,,,,,,,,,,,,,,,,,,,,,,,,,,,,,,,,,,,,,,,,,,,,,,46.70,,,,,,,,,,53.50,,,,,,,,,,,,,,,,,,,,,,,,,,,,,,,,,,,,,,,,,,,,,,,,,,,,100.20,,,,,,,,,,,,,,,,,,,
8,Block 3,,ja,,Fe2SiO4,Fayalit,,,"Jeol, STDB 1",29.49,,,,,,70.51,,,,,,,,,,,,,,,,,,,,,,,,,,,,,,,,,,,,,,,,,,,,,,,,,,,,,,,,,,,,,,,,,,,,,,,,,,,,,,,,,,,,,,,,,,,,,,,,,,,,,,,,,,,,,,,,100.00,,,,,,,,,,,,,,,,,,,
9,Block 3,,ja,,KAlSi3O8,K-Feldspat,,,"Jeol, STDB 1",65.11,,20.44,,,,0.13,,,,0.98,7.90,5.00,,,,,,,,,,,,,,,,,,,0.20,,,,,,,,,,,,,,,,,,,,,,,,,,,,,,,,,,,,,,,,,,,,,,,,,,,,,,,,,,,,,,,,,,,,,,,,,,,,,,,,,,,,,,,99.76,,,,,,,,,,,,,,,,,,,
10,Block 3,,ja,,KTiOPO4,,,,"Jeol, STDB 1",,40.33,,,,,,,,,,,23.80,,,,,35.87,,,,,,,,,,,,,,,,,,,,,,,,,,,,,,,,,,,,,,,,,,,,,,,,,,,,,,,,,,,,,,,,,,,,,,,,,,,,,,,,,,,,,,,,,,,,,,,,,,,,,100.00,,,,,,,,,,,,,,,,,,,
11,Block 3,,ja,,Mg2SiO4,Forsterit,,,"Jeol, STDB 1",40.60,,,,,,8.40,0.35,50.40,0.10,0.10,,,,,,,,,,,,,,,,,,,,,,,,,,,,,,,,,,,,,,,,,,,,,,,,,,,,,,,,,,,,,,,,,,,,,,,,,,,,,,,,,,,,,,,,,,,,,,,,,,,,,,,,,,,,99.95,,,,,,,,,,,,,,,,,,,
12,Block 3,,ja,,MgO,Periklas,,,"Jeol, STDB 1",,,,,,,,,99.99,,,,,,,,,,,,,,,,,,,,,,,,,,,,,,,,,,,,,,,,,,,,,,,,,,,,,,,,,,,,,,,,,,,,,,,,,,,,,,,,,,,,,,,,,,,,,,,,,,,,,,,,,,,,,,99.99,,,,,,,,,,,,,,,,,,,
13,Block 3,,ja,,MnO,,,,"Jeol, STDB 1",,,,,,,,,,99.99,,,,,,,,,,,,,,,,,,,,,,,,,,,,,,,,,,,,,,,,,,,,,,,,,,,,,,,,,,,,,,,,,,,,,,,,,,,,,,,,,,,,,,,,,,,,,,,,,,,,,,,,,,,,,99.99,,,,,,,,,,,,,,,,,,,
14,Block 3,,ja,,NaAlSi3O8,Albit,,,"Jeol, STDB 1",68.70,,19.40,,,,,,,,,11.80,0.10,,,,,,,,,,,,,,,,,,,,,,,,,,,,,,,,,,,,,,,,,,,,,,,,,,,,,,,,,,,,,,,,,,,,,,,,,,,,,,,,,,,,,,,,,,,,,,,,,,,,,,,,,,100.00,,,,,,,,,,,,,,,,,,,
15,Block 3,,ja,,,Zirkon,91500,Nancy,Wiedenbeck et al. 1995,32.27,,,,,,,,,,,,,,,,,0.05,,,,,,,,,0.29,62.87,,,,,,,,,,,,,,,,,,,,,,0.659,,,,,,,,,,,,,,,,,,,,,,,,,,,,,,,,,,,,,,,,,,,,,,,,,,,,,,,,,,,,,,,,,,,,,96.13,,,,,,,,,,,,,,,,,,,
16,Block 4,,nein,,BaSO4,Baryt,,,"P&H Developments (Tim Hopkins), STDB 2",,,,,,,,,,,,,,,,,,,34.10,,,,,,,0.68,,,,,,65.12,,,,,,,,,,,,,,,,,,,,,,,,,,,,,,,,,,,,,,,,,,,,,,,,,,,,,,,,,,,,,,,,,,,,,,,,,,,,,,,,,,,,,,,99.90,,,,,,,,,,,,,,,,,,,
17,Block 4,,nein,,Cr2O3,Eskolait,,,"P&H Developments (Tim Hopkins), STDB 3",,,,99.99,,,,,,,,,,,,,,,,,,,,,,,,,,,,,,,,,,,,,,,,,,,,,,,,,,,,,,,,,,,,,,,,,,,,,,,,,,,,,,,,,,,,,,,,,,,,,,,,,,,,,,,,,,,,,,,,,,,99.99,,,,,,,,,,,,,,,,,,,
18,Block 4,,nein,,MnTiO3,Pyrophanit,,,"P&H Developments (Tim Hopkins), STDB 4",,53.48,,,,,,,,46.83,,,,,,,,,,,,,,,,,,,,,,,,,,,,,,,,,,,,,,,,,,,,,,,,,,,,,,,,,,,,,,,,,,,,,,,,,,,,,,,,,,,,,,,,,,,,,,,,,,,,,,,,,,,,,100.31,,,,,,,,,,,,,,,,,,,
19,Block 4,,nein,,NaAlSi2O6,Jadeit,,,"Jeol, STDB 1",59.40,,25.10,,,,0.13,,0.10,,,15.10,,,,,,,,,,,,,,,,,,,,,,,,,,,,,,,,,,,,,,,,,,,,,,,,,,,,,,,,,,,,,,,,,,,,,,,,,,,,,,,,,,,,,,,,,,,,,,,,,,,,,,,,,,,99.83,,,,,,,,,,,,,,,,,,,
21,Block 4,,nein,,NiO,,,,"P&H Developments (Tim Hopkins), STDB  5",,,,,,,,99.90,,,,,,,,,,,,,,,,,,,,,,,,,,,,,,,,,,,,,,,,,,,,,,,,,,,,,,,,,,,,,,,,,,,,,,,,,,,,,,,,,,,,,,,,,,,,,,,,,,,,,,,,,,,,,,,99.90,,,,,,,,,,,,,,,,,,,
22,Block 4,,nein,,SrTiO3,,,,"P&H Developments (Tim Hopkins), STDB 6",,43.53,,,,,,,,,,,,,,,,,,,,,,,,56.47,,,,,,,,,,,,,,,,,,,,,,,,,,,,,,,,,,,,,,,,,,,,,,,,,,,,,,,,,,,,,,,,,,,,,,,,,,,,,,,,,,,,,,,,,,,,,100.00,,,,,,,,,,,,,,,,,,,
23,Block 4,,nein,,ZnO,,,,"P&H Developments (Tim Hopkins), STDB 7",0.13,,0.20,,,,,,,,,,,,,,,,,,,,99.80,,,,,,,,,,,,,,,,,,,,,,,,,,,,,,,,,,,,,,,,,,,,,,,,,,,,,,,,,,,,,,,,,,,,,,,,,,,,,,,,,,,,,,,,,,,,,,,,100.13,,,,,,,,,,,,,,,,,,,
24,Block 4,,nein,,ZrO2,,,,"Jeol, STDB 1",,,,,,,,,,,,,,,,,,,,,,,,,,,,99.90,,,,,,,,,,,,,,,,,,,,,,,,,,,,,,,,,,,,,,,,,,,,,,,,,,,,,,,,,,,,,,,,,,,,,,,,,,,,,,,,,,,,,,,,,,,99.90,,,,,,,,,,,,,,,,,,,
25,Block 4,,nein,,,Diopsid,"Natural Bridge, NY",,"Smithsonian, USNM 117733",54.87,,0.11,,,,0.24,,18.30,0.04,25.63,0.34,,,,,,,,,,,,,,,,,,,,,,,,,,,,,,,,,,,,,,,,,,,,,,,,,,,,,,,,,,,,,,,,,,,,,,,,,,,,,,,,,,,,,,,,,,,,,,,,,,,,,,,,,,,99.53,,,,,,,,,,,,,,,,,,,
26,Block 4,,nein,,,Omphacit,Roberts Victor Mine SA,,"Smithsonian, USNM 110607",55.42,0.37,8.89,,,1.35,3.41,,11.57,0.10,13.75,5.00,0.15,,,,,,,,,,,,,,,,,,,,,,,,,,,,,,,,,,,,,,,,,,,,,,,,,,,,,,,,,,,,,,,,,,,,,,,,,,,,,,,,,,,,,,,,,,,,,,,,,,,,,,,,,,100.01,,,,,,,,,,,,,,,,,,,
27,Block 4,,nein,,,"Pyrop, Kakanui",,,"Smithsonian, USNM 143968",41.46,0.47,23.73,,,,10.68,,18.51,0.28,5.17,,,,,,,,,,,,,,,,,,,,,,,,,,,,,,,,,,,,,,,,,,,,,,,,,,,,,,,,,,,,,,,,,,,,,,,,,,,,,,,,,,,,,,,,,,,,,,,,,,,,,,,,,,,,100.30,,,,,,,,,,,,,,,,,,,
28,Std 1,1,nein,,,Gahnite,,,"Smithsonian, USNM 145883",,,55.32,,,,1.97,,,0.38,,,,,,,,,,,,,42.50,,,,,,,,,,,,,,,,,,,,,,,,,,,,,,,,,,,,,,,,,,,,,,,,,,,,,,,,,,,,,,,,,,,,,,,,,,,,,,,,,,,,,,,,,,,,,,,,100.17,,,,,,,,,,,,,,,,,,,
29,Std 1,2,nein,,,Anorthoclase,Kakanui,,"Smithsonian, USNM 133868",66.44,,20.12,,,,0.20,,,,0.87,9.31,2.35,,,,,,,,,,,,,,,,,,,,,,,,,,,,,,,,,,,,,,,,,,,,,,,,,,,,,,,,,,,,,,,,,,,,,,,,,,,,,,,,,,,,,,,,,,,,,,,,,,,,,,,,,,99.29,,,,,,,,,,,,,,,,,,,
30,Std 1,3,nein,,,Plagioclase,"Labradorite, Lake County",,"Smithsonian, USNM 115900",51.25,0.05,30.91,,,0.34,0.15,,0.14,0.01,13.64,3.45,0.18,0.05,,,,,,,,,,,,,,,,,,,,,,,,,,,,,,,,,,,,,,,,,,,,,,,,,,,,,,,,,,,,,,,,,,,,,,,,,,,,,,,,,,,,,,,,,,,,,,,,,,,,,,,,,100.17,,,,,,,,,,,,,,,,,,,
31,Std 1,4,nein,,,Anorthite,Great Sitkin Island,,"Smithsonian, USNM 137041",44.00,0.03,36.03,,,,0.62,,,,19.09,0.53,0.03,,,,,,,,,,,,,,,,,,,,,,,,,,,,,,,,,,,,,,,,,,,,,,,,,,,,,,,,,,,,,,,,,,,,,,,,,,,,,,,,,,,,,,,,,,,,,,,,,,,,,,,,,,100.33,,,,,,,,,,,,,,,,,,,
32,Std 1,5,nein,,,Microcline,,,"Smithsonian, USNM 143966",64.24,0.01,18.30,,,,0.04,,0.03,0.04,0.02,1.30,15.40,,,,,,,,,,,,,,,,,,,,,,,,,,,,,,,,,,,,,,,,,,,,,,,,,,,,,,,,,,,,,,,,,,,,,,,,,,,,,,,,,,,,,,,,,,,,,,,,,,,,,,,,,,99.38,,,,,,,,,,,,,,,,,,,
33,Std 1,6,nein,,,Apatite,Fluorapatite,,"Smithsonian, USNM 104021",0.34,,0.07,,,0.06,,,0.01,0.01,54.02,0.23,0.01,0.01,,,0.05,40.78,0.37,,0.01,,,0.09,,0.07,,,,,,,,1.43,,,,,,,,,,,,,,,,,,0.02,,,,,,,,,,,,,3.53,,,,,0.41,,,,,,,,,,,,,,,,,,,,,,,,,,,,,,,,,,,,,,,,,,,,,,,,,101.52,,,,,,,,,,,,,,,,,,,
34,Std 1,7,nein,,,Augite,Kakanui,,"Smithsonian, USNM 122142",50.73,0.74,8.73,,,1.08,5.37,,16.65,0.13,15.82,1.27,,0.04,,,,,,,,,,,,,,,,,,,,,,,,,,,,,,,,,,,,,,,,,,,,,,,,,,,,,,,,,,,,,,,,,,,,,,,,,,,,,,,,,,,,,,,,,,,,,,,,,,,,,,,,,100.56,,,,,,,,,,,,,,,,,,,
35,Std 1,8,nein,,,Diopsid,,,"Smithsonian, USNM 117733",54.87,,0.11,,,,0.24,,18.30,0.04,25.63,0.34,,,,,,,,,,,,,,,,,,,,,,,,,,,,,,,,,,,,,,,,,,,,,,,,,,,,,,,,,,,,,,,,,,,,,,,,,,,,,,,,,,,,,,,,,,,,,,,,,,,,,,,,,,,99.53,,,,,,,,,,,,,,,,,,,
36,Std 1,9,nein,,,Chromaugit,,,"Smithsonian, USNM 164905",50.48,0.51,8.03,0.85,,1.04,3.77,,17.32,0.12,17.30,0.84,0.01,,,,,,,,,,,,,,,,,,,,,,,,,,,,,,,,,,,,,,,,,,,,,,,,,,,,,,,,,,,,,,,,,,,,,,,,,,,,,,,,,,,,,,,,,,,,,,,,,,,,,,,,,,100.27,,,,,,,,,,,,,,,,,,,
37,Std 1,10,nein,,,Benitoite,San Benito County,,"Smithsonian, USNM 86539",43.75,19.35,,,,,,,,,,,,,,,,,,,,,,,,,,,,,,37.05,,,,,,,,,,,,,,,,,,,,,,,,,,,,,,,,,,,,,,,,,,,,,,,,,,,,,,,,,,,,,,,,,,,,,,,,,,,,,,,,,,,,,,,100.15,,,,,,,,,,,,,,,,,,,
38,Std 1,11,nein,,,Hedenbergit,Elba,"keine Zusammensetzung, wahrscheinlich nur Fe2+",,,,,,,,,,,,,,,,,,,,,,,,,,,,,,,,,,,,,,,,,,,,,,,,,,,,,,,,,,,,,,,,,,,,,,,,,,,,,,,,,,,,,,,,,,,,,,,,,,,,,,,,,,,,,,,,,,,,,,,,0.00,,,,,,,,,,,,,,,,,,,
39,Std 1,12,nein,,,Hypersthene,Johnstown meteorite,,"Smithsonian, USNM 746",54.09,0.16,1.23,0.75,,,15.22,,26.79,0.49,1.52,,,,,,,,,,,,,,,,,,,,,,,,,,,,,,,,,,,,,,,,,,,,,,,,,,,,,,,,,,,,,,,,,,,,,,,,,,,,,,,,,,,,,,,,,,,,,,,,,,,,,,,,,,,,100.25,,,,,,,,,,,,,,,,,,,
40,Std 1,13,nein,,,Hornblende,Kakanui,,"Smithsonian, USNM 143965",40.37,4.72,14.90,,,3.30,7.95,,12.80,0.09,10.30,2.60,2.05,0.94,,,,,,,,,,,,,,,,,,,,,,,,,,,,,,,,,,,,,,,,,,,,,,,,,,,,,,,,,,,,,,,,,,,,,,,,,,,,,,,,,,,,,,,,,,,,,,,,,,,,,,,,,100.02,,,,,,,,,,,,,,,,,,,
41,Std 1,14,nein,,,Hornblende,Arenal Volcano,,"Smithsonian, USNM 111356",41.46,1.41,15.47,,,5.60,6.43,,14.24,0.15,11.55,1.91,0.21,1.21,,,,,,,,,,,,,,,,,,,,,,,,,,,,,,,,,,,,,,,,,,,,,,,,,,,,,,,,,,,,,,,,,,,,,,,,,,,,,,,,,,,,,,,,,,,,,,,,,,,,,,,,,99.64,,,,,,,,,,,,,,,,,,,
42,Std 1,15,nein,,,Omphacite,Roberts Victor,,"Smithsonian, USNM 110607",55.42,0.37,8.89,,,1.35,3.41,,11.57,0.10,13.75,5.00,0.15,0.02,,,,,,,,,,,,,,,,,,,,,,,,,,,,,,,,,,,,,,,,,,,,,,,,,,,,,,,,,,,,,,,,,,,,,,,,,,,,,,,,,,,,,,,,,,,,,,,,,,,,,,,,,100.03,,,,,,,,,,,,,,,,,,,
43,Std 1,16,nein,,,Fayalite,Rockport,,"Smithsonian, USNM 85276",29.22,0.04,,0.10,,1.32,66.36,,,2.14,,,,,,,,,,,,,,,,,,,,,,,,,,,,,,,,,,,,,,,,,,,,,,,,,,,,,,,,,,,,,,,,,,,,,,,,,,,,,,,,,,,,,,,,,,,,,,,,,,,,,,,,,,,,,99.18,,,,,,,,,,,,,,,,,,,
44,Std 1,17,nein,,,Olivine,"Fo83, Springwater meteorite",,"Smithsonian, USNM 2566",38.95,,,0.02,,,16.62,,43.58,0.30,,,,,,,,,,,,,,,,,,,,,,,,,,,,,,,,,,,,,,,,,,,,,,,,,,,,,,,,,,,,,,,,,,,,,,,,,,,,,,,,,,,,,,,,,,,,,,,,,,,,,,,,,,,,,99.47,,,,,,,,,,,,,,,,,,,
45,Std 1,18,nein,,,Olivine,"Fo90, San Carlos",,"Smithsonian, USNM 111312/444",40.81,,,,,,9.55,0.37,49.42,0.14,,,,,,,,,,,,,,,,,,,,,,,,,,,,,,,,,,,,,,,,,,,,,,,,,,,,,,,,,,,,,,,,,,,,,,,,,,,,,,,,,,,,,,,,,,,,,,,,,,,,,,,,,,,,,100.29,,,,,,,,,,,,,,,,,,,
46,Std 1,19,nein,,,Pyrop,Kakanui,,"Smithsonian, USNM 143968",41.46,0.47,23.73,,,,10.68,,18.51,0.28,5.17,,,,,,,,,,,,,,,,,,,,,,,,,,,,,,,,,,,,,,,,,,,,,,,,,,,,,,,,,,,,,,,,,,,,,,,,,,,,,,,,,,,,,,,,,,,,,,,,,,,,,,,,,,,,100.30,,,,,,,,,,,,,,,,,,,
47,Std 1,20,nein,,,Garnet,Roberts Victor,,"Smithsonian, USNM 87375",39.47,0.39,22.27,,,2.77,13.76,,6.55,0.59,14.39,,,,,,,,,,,,,,,,,,,,,,,,,,,,,,,,,,,,,,,,,,,,,,,,,,,,,,,,,,,,,,,,,,,,,,,,,,,,,,,,,,,,,,,,,,,,,,,,,,,,,,,,,,,,100.19,,,,,,,,,,,,,,,,,,,
48,Std 1,21,nein,,,Garnet,Roberts Victor,,"Smithsonian, USNM 110752",40.16,0.35,22.70,,,2.17,9.36,,7.17,0.19,18.12,,,,,,,,,,,,,,,,,,,,,,,,,,,,,,,,,,,,,,,,,,,,,,,,,,,,,,,,,,,,,,,,,,,,,,,,,,,,,,,,,,,,,,,,,,,,,,,,,,,,,,,,,,,,100.22,,,,,,,,,,,,,,,,,,,
49,Std 1,22,nein,,,Scapolite,Meionite,,"Smithsonian, USNM R6600-1",49.78,,25.05,,,,0.17,,,,13.58,5.20,0.94,0.21,,,2.50,,1.32,,,,,,,,,,,,,,,,,,,,,,,,,,,,,,,,,,,,,,,,,,,,,,,,,,,1.43,,,,,,,,,,,,,,,,,,,,,,,,,,,,,,,,,,,,,,,,,,,,,,,,,100.18,,,,,,,,,,,,,,,,,,,
50,Std 1,23,nein,,,Osumilit,,,"Smithsonian, USNM 143967",60.20,0.18,22.60,,,,6.38,,5.83,,,0.39,4.00,0.02,,,,,,,,,,,,,,,,,,,,,,,,,,,,,,,,,,,,,,,,,,,,,,,,,,,,,,,,,,,,,,,,,,,,,,,,,,,,,,,,,,,,,,,,,,,,,,,,,,,,,,,,,99.60,,,,,,,,,,,,,,,,,,,
51,Std 1,24,nein,,,,leer,,,,,,,,,,,,,,,,,,,,,,,,,,,,,,,,,,,,,,,,,,,,,,,,,,,,,,,,,,,,,,,,,,,,,,,,,,,,,,,,,,,,,,,,,,,,,,,,,,,,,,,,,,,,,,,,,,,,,,,,,,,,,,,,,,,,,,,,,,,,
52,Std 1,25,nein,,,Dolomit,,,"Smithsonian, USNM R10057",,,,,,,,,22.04,,30.56,,,,,,46.93,,,,,,,,,,,,,,,,,,,,,,,,,,,,,,,,,,,,,,,,,,,,,,,,,,,,,,,,,,,,,,,,,,,,,,,,,,,,,,,,,,,,,,,,,,,,,,,,,,,,,,99.53,,,,,,,,,,,,,,,,,,,
53,Std 1,26,nein,,,Calcit,,,"Smithsonian, USNM 136321",,,,,,,,,,,56.10,,,,,,44.01,,,,,,,,,,,,,,,,,,,,,,,,,,,,,,,,,,,,,,,,,,,,,,,,,,,,,,,,,,,,,,,,,,,,,,,,,,,,,,,,,,,,,,,,,,,,,,,,,,,,,,100.11,,,,,,,,,,,,,,,,,,,
54,Std 1,27,nein,,,Siderit,,,"Smithsonian, USNM R2460",,,,,,,59.08,,,2.95,,,,,,,37.88,,,,,,,,,,,,,,,,,,,,,,,,,,,,,,,,,,,,,,,,,,,,,,,,,,,,,,,,,,,,,,,,,,,,,,,,,,,,,,,,,,,,,,,,,,,,,,,,,,,,,,99.91,,,,,,,,,,,,,,,,,,,
55,Std 1,28,nein,,,Strontianit,,,"Smithsonian, USNM R10065",,,,,,,1.90,,,,,,,,,,30.23,,,,,,,,,67.67,,,,,,,,,,,,,,,,,,,,,,,,,,,,,,,,,,,,,,,,,,,,,,,,,,,,,,,,,,,,,,,,,,,,,,,,,,,,,,,,,,,,,,,,,,,,,99.80,,,,,,,,,,,,,,,,,,,
56,Std 1,29,nein,,,Chromite,Tiebaghi,,"Smithsonian, USNM 117075",,,9.92,60.50,,,13.04,,15.20,0.11,0.12,,,,,,,,,,,,,,,,,,,,,,,,,,,,,,,,,,,,,,,,,,,,,,,,,,,,,,,,,,,,,,,,,,,,,,,,,,,,,,,,,,,,,,,,,,,,,,,,,,,,,,,,,,,,98.89,,,,,,,,,,,,,,,,,,,
57,Std 1,30,nein,,,Magnetite,Minas Gerais,,"Smithsonian, USNM 114887",,0.16,,0.25,,67.50,30.20,,0.05,,,,,,,,,,,,,,,,,,,,,,,,,,,,,,,,,,,,,,,,,,,,,,,,,,,,,,,,,,,,,,,,,,,,,,,,,,,,,,,,,,,,,,,,,,,,,,,,,,,,,,,,,,,,,,98.16,,,,,,,,,,,,,,,,,,,
58,Std 2,1,nein,,,Benitoit,,,"Smithsonian, USNM 86539",43.75,19.35,,,,,,,,,,,,,,,,,,,,,,,,,,,,,,37.05,,,,,,,,,,,,,,,,,,,,,,,,,,,,,,,,,,,,,,,,,,,,,,,,,,,,,,,,,,,,,,,,,,,,,,,,,,,,,,,,,,,,,,,100.15,,,,,,,,,,,,,,,,,,,
59,Std 2,2,nein,,,Quarz,Hot Springs,,"Smithsonian, USNM R17701",99.90,,,,,,,,,,,,,,,,,,,,,,,,,,,,,,,,,,,,,,,,,,,,,,,,,,,,,,,,,,,,,,,,,,,,,,,,,,,,,,,,,,,,,,,,,,,,,,,,,,,,,,,,,,,,,,,,,,,,,,99.90,,,,,,,,,,,,,,,,,,,
60,Std 2,3,nein,,,Korund,Synth.,,"Smithsonian, USNM 6575",,,99.90,,,,,,,,,,,,,,,,,,,,,,,,,,,,,,,,,,,,,,,,,,,,,,,,,,,,,,,,,,,,,,,,,,,,,,,,,,,,,,,,,,,,,,,,,,,,,,,,,,,,,,,,,,,,,,,,,,,,99.90,,,,,,,,,,,,,,,,,,,
61,Std 2,4,nein,,,Periklas,,,Dynamit Nobel scan 10.11 10.08,,,,,,,,,99.90,,,,,,,,,,,,,,,,,,,,,,,,,,,,,,,,,,,,,,,,,,,,,,,,,,,,,,,,,,,,,,,,,,,,,,,,,,,,,,,,,,,,,,,,,,,,,,,,,,,,,,,,,,,,,,99.90,,,,,,,,,,,,,,,,,,,
62,Std 2,5,nein,,,Chromit,Tiebaghi Mine,,"Smithsonian, USNM 117075",,,9.92,60.50,,,13.04,,15.20,0.11,0.13,,,,,,,,,,,,,,,,,,0.87,,,,,,,,,,,,,,,,,,,,,,,,,,,,,,,,,,,,,,,,,,,,,,,,,,,,,,,,,,,,,,,,,,,,,,,,,,,,,,,,,,,,,,,,,,99.77,,,,,,,,,,,,,,,,,,,
63,Std 2,6,nein,,,Ilmenit,,,"Smithsonian, USNM 96189",,46.30,,,,,47.09,,0.32,4.83,,,,,,,,,,,,,,,,,,,,,,,,,,,,,,,,,,,,,,,,,,,,,,,,,,,,,,,,,,,,,,,,,,,,,,,,,,,,,,,,,,,,,,,,,,,,,,,,,,,,,,,,,,,,,98.54,,,,,,,,,,,,,,,,,,,
64,Std 2,7,nein,,,Magnetit,,,"Smithsonian, USNM 114887",,0.18,,0.16,,67.50,30.20,,0.05,0.01,,,,,,,,,,,,,,,,,,,,,,,,,,,,,,,,,,,,,,,,,,,,,,,,,,,,,,,,,,,,,,,,,,,,,,,,,,,,,,,,,,,,,,,,,,,,,,,,,,,,,,,,,,,,,98.10,,,,,,,,,,,,,,,,,,,
65,Std 2,8,nein,,,Manganit,,,MPI ,,,,,,,,,,99.93,,,,,,,,,,,,,,,,,,,,,,,,,,,,,,,,,,,,,,,,,,,,,,,,,,,,,,,,,,,,,,,,,,,,,,,,,,,,,,,,,,,,,,,,,,,,,,,,,,,,,,,,,,,,,99.93,,,,,,,,,,,,,,,,,,,
66,Std 2,9,nein,,,Olivine,San Carlos,,"Smithsonian, USNM 111312/444",40.79,,,,,,9.55,0.37,49.46,0.14,,,,,,,,,,,,,,,,,,,,,,,,,,,,,,,,,,,,,,,,,,,,,,,,,,,,,,,,,,,,,,,,,,,,,,,,,,,,,,,,,,,,,,,,,,,,,,,,,,,,,,,,,,,,,100.31,,,,,,,,,,,,,,,,,,,
67,Std 2,10,nein,,,Olivine,Margalakki,,MPI ,40.22,,,,,,11.53,,48.09,0.28,,,,,,,,,,,,,,,,,,,,,,,,,,,,,,,,,,,,,,,,,,,,,,,,,,,,,,,,,,,,,,,,,,,,,,,,,,,,,,,,,,,,,,,,,,,,,,,,,,,,,,,,,,,,,100.12,,,,,,,,,,,,,,,,,,,
68,Std 2,11,nein,,,Olivine,Springwater,,"Smithsonian, USNM 2566",38.95,,,0.01,,,16.62,,43.59,0.30,,,,,,,,,,,,,,,,,,,,,,,,,,,,,,,,,,,,,,,,,,,,,,,,,,,,,,,,,,,,,,,,,,,,,,,,,,,,,,,,,,,,,,,,,,,,,,,,,,,,,,,,,,,,,99.47,,,,,,,,,,,,,,,,,,,
69,Std 2,12,nein,,,Olivine,Susimaki,,MPI ,35.30,,,,,,38.47,,25.54,0.61,,,,,,,,,,,,,,,,,,,,,,,,,,,,,,,,,,,,,,,,,,,,,,,,,,,,,,,,,,,,,,,,,,,,,,,,,,,,,,,,,,,,,,,,,,,,,,,,,,,,,,,,,,,,,99.92,,,,,,,,,,,,,,,,,,,
70,Std 2,13,nein,,,Fayalit,Rockport,,"Smithsonian, USNM 85276",29.26,0.03,,,,,67.64,,,2.15,,,,,,,,,,,,,,,,,,,,,,,,,,,,,,,,,,,,,,,,,,,,,,,,,,,,,,,,,,,,,,,,,,,,,,,,,,,,,,,,,,,,,,,,,,,,,,,,,,,,,,,,,,,,,99.08,,,,,,,,,,,,,,,,,,,
71,Std 2,14,nein,,,Glas,JuanDeFuca,,"Smithsonian, USNM 111240/52",50.91,1.86,14.08,,,,11.86,,6.73,0.22,11.15,2.62,0.19,,,,,0.21,,,,,,,,,,,,,,,,,,,,,,,,,,,,,,,,,,,,,,,,,,,,,,,,,,,,,,,,,,,,,,,,,,,,,,,,,,,,,,,,,,,,,,,,,,,,,,,,,,,,,99.83,,,,,,,,,,,,,,,,,,,
72,Std 2,15,nein,,,Glas,Yellowstone,,"Smithsonian, USNM 77854",76.83,0.12,12.07,,,,1.24,,,0.03,0.50,3.75,4.90,,,,,,,,,,,,,,,,,,,,,,,,,,,,,,,,,,,,,,,,,,,,,,,,,,,,,,,,,,,,,,,,,,,,,,,,,,,,,,,,,,,,,,,,,,,,,,,,,,,,,,,,,,99.44,,,,,,,,,,,,,,,,,,,
73,Std 2,16,nein,,,Apatit,,,"Smithsonian, USNM 104021",0.34,,0.08,,,,0.05,,0.02,,54.14,0.23,,,,,,40.87,,,,,,,,,,,,,,,,1.42,,,,,,,,,,,,,,,,,,,,,,,,,,,,,,,3.53,,,,,0.41,,,,,,,,,,,,,,,,,,,,,,,,,,,,,,,,,,,,,,,,,,,,,,,,,100.68,,,,,,,,,,,,,,,,,,,
74,Std 2,17,nein,,,Scapolith,,,"Smithsonian, USNM R6600-1",51.04,,25.68,,,,0.17,,,,13.93,5.33,0.96,,,,,,,,,,,,,,,,,,,,,,,,,,,,,,,,,,,,,,,,,,,,,,,,,,,,,,0.53,,,1.43,,,,,,,,,,,,,,,,,,,,,,,,,,,,,,,,,,,,,,,,,,,,,,,,,97.64,,,,,,,,,,,,,,,,,,,
75,Std 2,18,nein,,,Hornblende,,,"Smithsonian, USNM 143965",40.80,4.77,15.07,,,,11.04,,12.94,0.09,10.41,2.63,2.07,,,,,,,,,,,,,,,,,,,,,,,,,,,,,,,,,,,,,,,,,,,,,,,,,,,,,,,,,,,,,,,,,,,,,,,,,,,,,,,,,,,,,,,,,,,,,,,,,,,,,,,,,,99.82,,,,,,,,,,,,,,,,,,,
76,Std 2,19,nein,,,Hypersthen,,,"Smithsonian, USNM 746",54.10,0.17,1.23,0.75,,,15.22,,26.79,0.49,1.52,,,,,,,,,,,,,,,,,,,,,,,,,,,,,,,,,,,,,,,,,,,,,,,,,,,,,,,,,,,,,,,,,,,,,,,,,,,,,,,,,,,,,,,,,,,,,,,,,,,,,,,,,,,,100.27,,,,,,,,,,,,,,,,,,,
77,Std 2,20,nein,,,Augit,Kakanui,,"Smithsonian, USNM 122142",50.85,0.74,7.88,0.15,,,6.78,,16.68,0.13,15.86,1.27,,,,,,,,,,,,,,,,,,,,,,,,,,,,,,,,,,,,,,,,,,,,,,,,,,,,,,,,,,,,,,,,,,,,,,,,,,,,,,,,,,,,,,,,,,,,,,,,,,,,,,,,,,,100.34,,,,,,,,,,,,,,,,,,,
78,Std 2,21,nein,,,Diopsid,,,"Smithsonian, USNM 117733",54.87,,0.11,,,,0.24,,18.30,0.04,25.63,0.34,,,,,,,,,,,,,,,,,,,,,,,,,,,,,,,,,,,,,,,,,,,,,,,,,,,,,,,,,,,,,,,,,,,,,,,,,,,,,,,,,,,,,,,,,,,,,,,,,,,,,,,,,,,99.53,,,,,,,,,,,,,,,,,,,
79,Std 2,22,nein,,,Omphazit,Roberts Victor Mine SA,,"Smithsonian, USNM 110607",55.48,0.37,8.91,,,,4.62,,11.59,0.10,13.77,5.01,0.14,,,,,,,,,,,,,,,,,,,,,,,,,,,,,,,,,,,,,,,,,,,,,,,,,,,,,,,,,,,,,,,,,,,,,,,,,,,,,,,,,,,,,,,,,,,,,,,,,,,,,,,,,,99.99,,,,,,,,,,,,,,,,,,,
80,Std 2,23,nein,,,Mikroklin,,,"Smithsonian, USNM 143966",64.22,0.02,18.30,,,,0.04,,0.03,0.04,0.02,1.29,15.14,,,,,,,,,,,,,,,,,,,,,,,,,,,,,,,,,,,,,,,,,,,,,,,,,,,,,,,,,,,,,,,,,,,,,,,,,,,,,,,,,,,,,,,,,,,,,,,,,,,,,,,,,,99.10,,,,,,,,,,,,,,,,,,,
81,Std 2,24,nein,,,Anorthoklas,Kakanui,,"Smithsonian, USNM 133868",66.44,,20.12,,,,0.21,,,,0.87,9.31,2.35,,,,,,,,,,,,,,,,,,,,,,,,,,,,,,,,,,,,,,,,,,,,,,,,,,,,,,,,,,,,,,,,,,,,,,,,,,,,,,,,,,,,,,,,,,,,,,,,,,,,,,,,,,99.30,,,,,,,,,,,,,,,,,,,
82,Std 2,25,nein,,,Anorthit,,,"Smithsonian, USNM 137041",44.00,0.03,36.03,,,,0.62,,,,19.08,0.53,0.04,,,,,,,,,,,,,,,,,,,,,,,,,,,,,,,,,,,,,,,,,,,,,,,,,,,,,,,,,,,,,,,,,,,,,,,,,,,,,,,,,,,,,,,,,,,,,,,,,,,,,,,,,,100.33,,,,,,,,,,,,,,,,,,,
83,Std 2,26,nein,,,Plagioklas,,,"Smithsonian, USNM 115800",51.31,0.03,30.94,,,,0.45,,0.13,,13.66,3.45,0.18,,,,,,,,,,,,,,,,,,,,,,,,,,,,,,,,,,,,,,,,,,,,,,,,,,,,,,,,,,,,,,,,,,,,,,,,,,,,,,,,,,,,,,,,,,,,,,,,,,,,,,,,,,100.15,,,,,,,,,,,,,,,,,,,
84,Std 2,27,nein,,,Granat,Victroia Mine,,"Smithsonian, USNM 110752",40.23,0.35,22.75,,,,11.33,,7.18,0.19,18.15,,,,,,,,,,,,,,,,,,,,,,,,,,,,,,,,,,,,,,,,,,,,,,,,,,,,,,,,,,,,,,,,,,,,,,,,,,,,,,,,,,,,,,,,,,,,,,,,,,,,,,,,,,,,100.18,,,,,,,,,,,,,,,,,,,
85,Std 2,28,nein,,,Granat,Victroia Mine,,"Smithsonian, USNM 87375",39.57,0.38,22.33,,,,16.30,,6.57,0.60,14.42,,,,,,,,,,,,,,,,,,,,,,,,,,,,,,,,,,,,,,,,,,,,,,,,,,,,,,,,,,,,,,,,,,,,,,,,,,,,,,,,,,,,,,,,,,,,,,,,,,,,,,,,,,,,100.17,,,,,,,,,,,,,,,,,,,
86,Std 2,29,nein,,,Pyrop,Kakanui,,"Smithsonian, USNM 143968",41.46,0.47,23.73,,,,10.68,,18.52,0.28,5.18,,,,,,,,,,,,,,,,,,,,,,,,,,,,,,,,,,,,,,,,,,,,,,,,,,,,,,,,,,,,,,,,,,,,,,,,,,,,,,,,,,,,,,,,,,,,,,,,,,,,,,,,,,,,100.32,,,,,,,,,,,,,,,,,,,
87,Std 2,30,nein,,,Enstatit,,,,59.98,,0.13,,,,,,39.96,,0.25,,,,,,,,,,,,,,,,,,,,,,,,,,,,,,,,,,,,,,,,,,,,,,,,,,,,,,,,,,,,,,,,,,,,,,,,,,,,,,,,,,,,,,,,,,,,,,,,,,,,,,,,,,,,100.32,,,,,,,,,,,,,,,,,,,
88,Std 2,31,nein,,,Pyrit,,,,,,,,,,,,,,,,,,,,,,,,,,,,,,,,,,,,,,,,,,,,,,,,,,,,,,,,,,,,46.21,,,,,,0.12,,,,53.60,,,,,,,,,,,,,,,,,,,,,,,,,,,,,,,,,,,,,,,,,,,,,,,,,,,,99.93,,,,,,,,,,,,,,,,,,,
89,Std 2,32,nein,,,NiFe,,,,,,,,,,,,,,,,,,,,,,,,,,,,,,,,,,,,,,,,,,,,,,,,,,,,,,,,,,,,49.72,,,,,50.28,,,,,,,,,,,,,,,,,,,,,,,,,,,,,,,,,,,,,,,,,,,,,,,,,,,,,,,,,100.00,,,,,,,,,,,,,,,,,,,
90,Std 2,33,nein,,,Co,,,,,,,,,,,,,,,,,,,,,,,,,,,,,,,,,,,,,,,,,,,,,,,,,,,,,,,,,,,,,,,,,,,,,,,,,,99.99,,,,,,,,,,,,,,,,,,,,,,,,,,,,,,,,,,,,,,,,,,,,,,,,99.99,,,,,,,,,,,,,,,,,,,
91,Astimex,1,ja,,NaAlSi3O8,Albit,,,Astimex,68.76,,19.76,,,,,,,,0.23,11.68,0.17,,,,,,,,,,,,,,,,,,,,,,,,,,,,,,,,,,,,,,,,,,,,,,,,,,,,,,,,,,,,,,,,,,,,,,,,,,,,,,,,,,,,,,,,,,,,,,,,,,,,,,,,,,100.60,,,,,,,,,,,,,,,,,,,
92,Astimex,2,ja,,Fe3Al2Si3O12,Almandine,,Caution: shows small invlusions that are easily recognizable and avoidable by BSE imaging,Astimex,39.15,0.06,22.71,,,,23.87,,10.15,0.55,4.01,,,,,,,,,,,,,,,,,,,,,,,,,,,,,,,,,,,,,,,,,,,,,,,,,,,,,,,,,,,,,,,,,,,,,,,,,,,,,,,,,,,,,,,,,,,,,,,,,,,,,,,,,,,,100.50,,,,,,,,,,,,,,,,,,,
93,Astimex,3,ja,,CaSO4,Anhydride,,,Astimex,,,,,,,,,,,41.13,,,,,,,,58.34,,,,,,,0.61,,,,,,,,,,,,,,,,,,,,,,,,,,,,,,,,,,,,,,,,,,,,,,,,,,,,,,,,,,,,,,,,,,,,,,,,,,,,,,,,,,,,,,,,,,,,,100.08,,,,,,,,,,,,,,,,,,,
94,Astimex,4,ja,,Sb2Te3,Animony,,,Astimex,,,,,,,,,,,,,,,,,,,,,,,,,,,,,,,,,,,,,,,,,,,,,,,,,,,,,,,,,,,,,,,,,,,,,,,,,,,,,,,,,,,,,,,,,,,,,,,,,38.88,,,,,,,,61.12,,,,,,,,,,,,,,100.00,,,,,,,,,,,,,,,,,,,
95,Astimex,5,ja,,Ca5(PO4)3F,Apatite,,,Astimex,0.04,,,,,,,,,,54.68,,,0.20,,,,40.87,0.39,,,,,,,0.28,0.06,,,,,,,,,0.14,0.29,0.05,0.14,,,,,,,,,,,,,,,,,,,,,,,,,,2.99,,,,,,,,,,,,,,,,,,,,,,,,,,,,,,,,,,,,,,,,,,,,,,,,,,,,,,100.13,,,,,,,,,,,,,,,,,,,
96,Astimex,6,ja,,FeAsS,Arsenopyrite,,,Astimex,,,,,,,,,,,,,,,,,,,,,,,,,,,,,,,,,,,,,,,,,,,,,,,,,,,,,,,,,34.16,,,,,,,,,,19.28,,,,0.02,,,,,,,,,,,,,,,,,46.10,,,,,,,,,,,,,,,,,,,,,,,,,,,,,,,99.56,,,,,,,,,,,,,,,,,,,
97,Astimex,7,ja,,BaSO4,Barite,,,Astimex,,,,,,,,,,,,,,,,,,,35.21,,,,,,,,,,,,,64.94,,,,,,,,,,,,,,,,,,,,,,,,,,,,,,,,,,,,,,,,,,,,,,,,,,,,,,,,,,,,,,,,,,,,,,,,,,,,,,,,,,,,,,,100.15,,,,,,,,,,,,,,,,,,,
98,Astimex,8,ja,,BaTiSi3O9,Benitoite,,Caution: contains inclusions of diopside and rutile (easily visible in BSE imaging). Benitoite is used only for centering and focusing the electron beam and calibrating the Barium-Titanium spectral overlap. It is not useful standard to calibrate either barium or titanium,Astimex,45.34,19.10,,,,,,,,,,0.10,,,,,,,,,,,,,,,,,,,,34.94,,,,,,,,,,,,,,,,,,,,,,,,,,,,,,,,,,,,,,,,,,,,,,,,,,,,,,,,,,,,,,,,,,,,,,,,,,,,,,,,,,,,,,,99.48,,,,,,,,,,,,,,,,,,,
99,Astimex,9,ja,,"K(Mg,Fe)3AlSi3O10(OH)2",Biotite,,,Astimex,38.31,1.57,15.98,,,,10.03,,19.67,,,,10.06,3.85,,,,,,,,,,,,,,,,,,,,,,,,,,,,,,,,,,,,,,,,,,,,,,,,,,,,,,,,,,,,,,,,,,,,,,,,,,,,,,,,,,,,,,,,,,,,,,,,,,,,,,,,,99.47,,,,,,,,,,,,,,,,,,,
100,Astimex,10,ja,,Bi2Se3,Bismuth Selenide,,,Astimex,,,,,,,,,,,,,,,,,,,,,,,,,,,,,,,,,,,,,,,,,,,,,,,,,,,,,,,,,,,,,,,,,,,,,,,,,,,,,,,,,,,,,,,,,36.17,,,,,,,,,,,,,,,,,,,,,,,,63.83,,,,,,100.00,,,,,,,,,,,,,,,,,,,
101,Astimex,11,ja,,BN,Boron Nitride,,,Astimex,,,,,,,,,,,,,,,,,,,,,,,,,,,,,,,,,,,,,,,,,,,,,,,,,,,,,,,,,,,43.60,56.44,,,,,,,,,,,,,,,,,,,,,,,,,,,,,,,,,,,,,,,,,,,,,,,,,,,,,,,,,,,100.04,,,,,,,,,,,,,,,,,,,
102,Astimex,12,ja,,CaMnSi2O6,Bustamite,,,Astimex,48.44,,,,,,8.13,,0.24,24.15,19.05,,,,,,,,,,,,0.27,,,,,,,,,,,,,,,,,,,,,,,,,,,,,,,,,,,,,,,,,,,,,,,,,,,,,,,,,,,,,,,,,,,,,,,,,,,,,,,,,,,,,,,,,,,,,,,,100.28,,,,,,,,,,,,,,,,,,,
103,Astimex,13,ja,,CaCO3,Calcite,,,Astimex,,,,,,,,,,,56.31,,,,,,43.87,,,,,,,,,0.05,,,,,,,,,,,,,,,,,,,,,,,,,,,,,,,,,,,,,,,,,,,,,,,,,,,,,,,,,,,,,,,,,,,,,,,,,,,,,,,,,,,,,,,,,,,,,100.23,,,,,,,,,,,,,,,,,,,
104,Astimex,14,ja,,SnO2,Cassiterite,,,Astimex,,,,,,,,,,,,,,,,,,,,,,,,,,,,,,99.90,,,,,,,,,,,,,,,,,,,,,,,,,,,,,,,,,,,,,,,,,,,,,,,,,,,,,,,,,,,,,,,,,,,,,,,,,,,,,,,,,,,,,,,,,99.90,,,,,,,,,,,,,,,,,,,
105,Astimex,15,ja,,SrSO4,Celestite,,,Astimex,0.08,,,,,,,,,,0.09,,,,,,,,43.39,,,,,,,56.01,,,,,,,,,,,,,,,,,,,,,,,,,,,,,,,,,,,,,,,,,,,,,,,,,,,,,,,,,,,,,,,,,,,,,,,,,,,,,,,,,,,,,,,,,,,,,99.57,,,,,,,,,,,,,,,,,,,
106,Astimex,16,ja,,CuFeS2,Chalcopyrite,,,Astimex,,,,,,,,,,,,,,,,,,,,,,,,,,,,,,,,,,,,,,,,,,,,,,,,,,,,,,,,,30.48,,,,,,,,,,35.14,,,,,34.19,,,,,,,,,,,,,,,,,,,,,,,,,,,,,,,,,,,,,,,,,,,,,,,99.81,,,,,,,,,,,,,,,,,,,
107,Astimex,17,ja,,Mg6AlSi3O10(OH)8,Chlorite,,,Astimex,32.16,,14.87,2.25,,,3.41,0.22,33.55,,,,,13.76,,,,,,,,,,,,,,,,,,,,,,,,,,,,,,,,,,,,,,,,,,,,,,,,,,,,,,,,,,,,,,,,,,,,,,,,,,,,,,,,,,,,,,,,,,,,,,,,,,,,,,,,,100.22,,,,,,,,,,,,,,,,,,,
108,Astimex,18,ja,,"(Mg,Cr)CaSi2O6",Chrome-Diopside,,,Astimex,54.92,0.09,0.30,0.55,,,1.28,,17.72,,24.67,0.41,,,,,,,,,,,,,,,,,,,,,,,,,,,,,,,,,,,,,,,,,,,,,,,,,,,,,,,,,,,,,,,,,,,,,,,,,,,,,,,,,,,,,,,,,,,,,,,,,,,,,,,,,,,99.94,,,,,,,,,,,,,,,,,,,
109,Astimex,19,ja,,FeCr2O4,Chromite,,,Astimex,0.14,0.12,23.56,45.42,,,12.91,0.16,16.78,,,,,,,,,,,,0.16,,0.04,,,,,,,,,,,,,,,,,,,,,,,,,,,,,,,,,,,,,,,,,,,,,,,,,,,,,,,,,,,,,,,,,,,,,,,,,,,,,,,,,,,,,,,,,,,,,,,,99.29,,,,,,,,,,,,,,,,,,,
110,Astimex,20,ja,,HgS,Cinnabar,,,Astimex,,,,,,,,,,,,,,,,,,,,,,,,,,,,,,,,,,,,,,,,,,,,,,,,,,,,,,,,,,,,,,,,,,,13.50,,,,,,,,,,,,,,,,,,,,,,,,,,,,,,,,,,,,,,,,,,85.29,,,,,,,,,,98.79,,,,,,,,,,,,,,,,,,,
111,Astimex,21,ja,,PbCrO4,Crocoite,,,Astimex,0.09,,,,30.97,,,,,,,,,,,,,,,,,,,,,,,,,,,,,,,,,,,,,,,,,,,,,,69.14,,,,,,,,,,,,,,,,,,,,,,,,,,,,,,,,,,,,,,,,,,,,,,,,,,,,,,,,,,,,,,,,,,,,69.23,,,,,,,,,,,,,,,,,,,
112,Astimex,22,ja,,MgCaSi2O6,Diopside,,,Astimex,55.34,,0.62,,,,0.83,,17.76,,24.80,0.41,,,,,,,,,,,,,,,,,,,,,,,,,,,,,,,,,,,,,,,,,,,,,,,,,,,,,,,,,,,,,,,,,,,,,,,,,,,,,,,,,,,,,,,,,,,,,,,,,,,,,,,,,,,99.76,,,,,,,,,,,,,,,,,,,
113,Astimex,23,ja,,MgCa(CO3)2,Dolomite,,Caution: presence of trace interstitial minerals containing Al and Si,Astimex,,,,,,,0.15,,21.66,,30.39,,,,,,47.68,,,,,,,,,,,,,,,,,,,,,,,,,,,,,,,,,,,,,,,,,,,,,,,,,,,,,,,,,,,,,,,,,,,,,,,,,,,,,,,,,,,,,,,,,,,,,,,,,,,,,,99.88,,,,,,,,,,,,,,,,,,,
114,Astimex,24,ja,,PbS,Galena,,,Astimex,,,,,,,,,,,,,,,,,,,,,,,,,,,,,,,,,,,,,,,,,,,,,,,,,,,,,,,,,,,,,,,,,,,13.51,,,,,,,,,,,,,,,,,,,,,,,,,,,,,,,,,,,,,,,,,,,,,86.34,,,,,,,99.85,,,,,,,,,,,,,,,,,,,
115,Astimex,25,ja,,GaAs,Gallium Arsenide,,,Astimex,,,,,,,,,,,,,,,,,,,,,,,,,,,,,,,,,,,,,,,,,,,,,,,,,,,,,,,,,,,,,,,,,,,,,,,,,,,,,,,,,,,,48.20,,,,51.80,,,,,,,,,,,,,,,,,,,,,,,,,,,,,,,100.00,,,,,,,,,,,,,,,,,,,
116,Astimex,26,ja,,Fe2O3,Hematite,,,Astimex,,,,,,99.97,,,,,,,,,,,,,,,,,,,,,,,,,,,,,,,,,,,,,,,,,,,,,,,,,,,,,,,,,,,,,,,,,,,,,,,,,,,,,,,,,,,,,,,,,,,,,,,,,,,,,,,,,,,,,,,,,99.97,,,,,,,,,,,,,,,,,,,
117,Astimex,27,ja,,NaAlSi2O6,Jadeite,,"Caution: used as a calibration standard for Na since it is the mineral least susceptible to Na-mobility. Inhomogeneous in respect to Fe and Mg, do not use as a calibration standards for Fe or Mg",Astimex,59.45,,25.04,,,,0.15,,0.26,,0.39,14.77,,,,,,,,,,,,,,,,,,,,,,,,,,,,,,,,,,,,,,,,,,,,,,,,,,,,,,,,,,,,,,,,,,,,,,,,,,,,,,,,,,,,,,,,,,,,,,,,,,,,,,,,,,,100.06,,,,,,,,,,,,,,,,,,,
118,Astimex,28,ja,,"Ca2Na(Mg,Fe)4TiSi6Al2O22(OH)2",Kaersutite,,,Astimex,41.49,5.03,11.91,,,,11.29,,12.67,0.16,11.40,2.62,1.01,2.05,,,,,,,,,,,,,,,,,,,,,,,,,,,,,,,,,,,,,,,,,,,,,,,,,,,0.14,,,,,,,,,,,,,,,,,,,,,,,,,,,,,,,,,,,,,,,,,,,,,,,,,,,,,,99.77,,,,,,,,,,,,,,,,,,,
119,Astimex,29,ja,,Fe3O4,Magnetite,,,Astimex,0.03,,,,,99.34,,,,0.24,,,,,,,,,,,,,,,,,,,,,,,,,,,,,,,,,,,,,,,,,,,,,,,,,,,,,,,,,,,,,,,,,,,,,,,,,,,,,,,,,,,,,,,,,,,,,,,,,,,,,,,,,,,,,99.61,,,,,,,,,,,,,,,,,,,
120,Astimex,30,ja,,MoS2,Moybdenite,,,Astimex,,,,,,,,,,,,,,,,,,,,,,,,,,,,,,,,,,,,,,,,,,,,,,,,,,,,,,,,,,,,,,,,,,,39.84,,,,,,,,,,,,,,,,,,,,,,,,,,,,59.29,,,,,,,,,,,,,,,,,,,,,,,,99.13,,,,,,,,,,,,,,,,,,,
121,Astimex,31,ja,,"(REEThCa)1(P,Si)O4",Monazite,,,Astimex,1.72,,,,,,,,,,0.90,,,,,,,27.04,,,,,,,,,2.00,,,,,,,,,9.48,25.04,2.97,11.00,3.20,0.12,2.56,0.40,0.92,,0.15,,,,,0.30,11.80,0.20,,,,,,,,,,,,,,,,,,,,,,,,,,,,,,,,,,,,,,,,,,,,,,,,,,,,,,,,,,,,,,,,,,99.80,,,,,,,,,,,,,,,,,,,
122,Astimex,32,ja,,"Na,K,Al,Fe silicate glass",Obsidian,,,Astimex,76.29,0.10,13.03,,,,0.76,,0.11,0.05,0.88,3.74,4.31,,,,,,,,,,,,,,,,,,,,,,,,,,,,,,,,,,,,,,,,,,,,,,,,,,,,,,,,,,,,,,,,,,,,,,,,,,,,,,,,,,,,,,,,,,,,,,,,,,,,,,,,,,99.27,,,,,,,,,,,,,,,,,,,
123,Astimex,33,ja,,"(Mg,Fe)2SiO4",Olivine,,,Astimex,41.01,,,,,,8.17,0.35,50.44,0.12,,,,,,,,,,,,,,,,,,,,,,,,,,,,,,,,,,,,,,,,,,,,,,,,,,,,,,,,,,,,,,,,,,,,,,,,,,,,,,,,,,,,,,,,,,,,,,,,,,,,,,,,,,,,,100.09,,,,,,,,,,,,,,,,,,,
124,Astimex,34,ja,,KAlSi3O8,Orthoclase,,,Astimex,64.80,,16.74,,,2.01,,,,,,0.91,15.49,,,,,,,,,,,,,,,,,,,0.05,,,,,,,,,,,,,,,,,,,,,,,,,,,,,,,,,,,,,,,,,,,,,,,,,,,,,,,,,,,,,,,,,,,,,,,,,,,,,,,,,,,,,,,99.95,,,,,,,,,,,,,,,,,,,
125,Astimex,35,ja,,"(Fe,Ni)9S8",Pentlandite,,,Astimex,,,,,,,,,,,,,,,,,,,,,,,,,,,,,,,,,,,,,,,,,,,,,,,,,,,,,,,,35.61,30.88,,,,,,,,,,32.89,,,,0.43,,,,,,,,,,,,,,,,,,,,,,,,,,,,,,,,,,,,,,,,,,,,,,,,99.81,,,,,,,,,,,,,,,,,,,
126,Astimex,36,ja,,MgO,Periclase,,,Astimex,,,,,,,,,100.00,,,,,,,,,,,,,,,,,,,,,,,,,,,,,,,,,,,,,,,,,,,,,,,,,,,,,,,,,,,,,,,,,,,,,,,,,,,,,,,,,,,,,,,,,,,,,,,,,,,,,,,,,,,,,,100.00,,,,,,,,,,,,,,,,,,,
127,Astimex,37,ja,,"(Ca,Na)(Al,Si)4O8",Plagioclase,,,Astimex,53.12,,29.35,,,,0.34,,0.10,,11.93,4.36,0.24,,,,,,,,,,,,,,,,,,,,,,,,,,,,,,,,,,,,,,,,,,,,,,,,,,,,,,,,,,,,,,,,,,,,,,,,,,,,,,,,,,,,,,,,,,,,,,,,,,,,,,,,,,99.44,,,,,,,,,,,,,,,,,,,
128,Astimex,38,ja,,CsSi2AlO6,Pollucite,,,Astimex,47.46,,17.12,,,,,,,,,2.03,0.18,,0.11,,,,,,,,,,0.18,,,,,,34.22,,,,,,,,,,,,,,,,,,,,,,,,,,,,,,,,,,,,,,,,,,,,,,,,,,,,,,,,,,,,,,,,,,,,,,,,,,,,,,,,,,,,,,,,101.30,,,,,,,,,,,,,,,,,,,
129,Astimex,39,ja,,FeS2,Pyrite,,,Astimex,,,,,,,,,,,,,,,,,,,,,,,,,,,,,,,,,,,,,,,,,,,,,,,,,,,,,,,,,46.30,,,,,,,,,,53.41,,,,,,,,,,,,,,,,,,,,,,,,,,,,,,,,,,,,,,,,,,,,,,,,,,,,99.71,,,,,,,,,,,,,,,,,,,
130,Astimex,40,ja,,Mg3Al2Si3O12,Pyrope,,,Astimex,41.43,0.50,21.58,2.06,,,8.76,,20.35,0.31,4.35,,,,,,,,,,,,,,,,,,,,,,,,,,,,,,,,,,,,,,,,,,,,,,,,,,,,,,,,,,,,,,,,,,,,,,,,,,,,,,,,,,,,,,,,,,,,,,,,,,,,,,,,,,,,99.34,,,,,,,,,,,,,,,,,,,
131,Astimex,41,ja,,SiO2,Quartz,,,Astimex,100.00,,,,,,,,,,,,,,,,,,,,,,,,,,,,,,,,,,,,,,,,,,,,,,,,,,,,,,,,,,,,,,,,,,,,,,,,,,,,,,,,,,,,,,,,,,,,,,,,,,,,,,,,,,,,,,,,,,,,,,100.00,,,,,,,,,,,,,,,,,,,
132,Astimex,42,ja,,MnSiO3,Rhodonite,,,Astimex,46.78,,,,,,4.34,,1.95,42.30,4.63,,,,,,,,,,,,,,,,,,,,,,,,,,,,,,,,,,,,,,,,,,,,,,,,,,,,,,,,,,,,,,,,,,,,,,,,,,,,,,,,,,,,,,,,,,,,,,,,,,,,,,,,,,,,100.00,,,,,,,,,,,,,,,,,,,
133,Astimex,43,ja,,RbTiPO5,RBtiPO5,,,Astimex,,32.70,,,,,,,,,,,,,,,,29.05,,,,,,,38.26,,,,,,,,,,,,,,,,,,,,,,,,,,,,,,,,,,,,,,,,,,,,,,,,,,,,,,,,,,,,,,,,,,,,,,,,,,,,,,,,,,,,,,,,,,,,,,100.01,,,,,,,,,,,,,,,,,,,
134,Astimex,44,ja,,TiO2,Rutile,,,Astimex,,100.00,,,,,,,,,,,,,,,,,,,,,,,,,,,,,,,,,,,,,,,,,,,,,,,,,,,,,,,,,,,,,,,,,,,,,,,,,,,,,,,,,,,,,,,,,,,,,,,,,,,,,,,,,,,,,,,,,,,,,100.00,,,,,,,,,,,,,,,,,,,
135,Astimex,45,ja,,ZnS,Sphalerite,,,Astimex,,,,,,,,,,,,,,,,,,,,,,,,,,,,,,,,,,,,,,,,,,,,,,,,,,,,,,,,,0.01,,,,,,,,,,32.91,,,,,,67.07,,,,,,,,,,,,,,,,,,,,,,,0.01,,,,,,,,,,,,,,,,,,,,,,,100.00,,,,,,,,,,,,,,,,,,,
136,Astimex,46,ja,,LiAlSi2O6,Spodumene,,,Astimex,64.23,,27.28,,,,,,,,,0.12,,,7.98,,,,,,,,,,,,,,,,,,,,,,,,,,,,,,,,,,,,,,,,,,,,,,,,,,,,,,,,,,,,,,,,,,,,,,,,,,,,,,,,,,,,,,,,,,,,,,,,,,,,,,,,99.61,,,,,,,,,,,,,,,,,,,
137,Astimex,47,ja,,Sb2S3,Stibnite,,,Astimex,,,,,,,,,,,,,,,,,,,,,,,,,,,,,,,,,,,,,,,,,,,,,,,,,,,,,,,,,,,,,,,,,,,28.32,,,,,,,,,,,,,,,,,,,,,,,,,,,,,,71.68,,,,,,,,,,,,,,,,,,,,,,100.00,,,,,,,,,,,,,,,,,,,
138,Astimex,48,ja,,Tl(Br0.42I0.58),Thallium Bromide,,,Astimex,,,,,,,,,,,,,,,,,,,,,,,,,,,,,,,,,,,,,,,,,,,,,,,,,,,,,,,,,,,,,,,,,,,,,,,,,,,,,,,,,,,,,,,,,,,,,10.77,,,,,,,,,,,,,,23.63,,,,65.60,,,,,,,,100.00,,,,,,,,,,,,,,,,,,,
139,Astimex,49,ja,,"Al2SiO4(F,OH)2",Topaz,,"Als Oxid würde zu viel O als F dazugerechnet werden; Best standard for fluorine since unlike minerals like fluorite, it does not suffer fluorine loss under the electron beam; Caution: may have small inclusion of other minerals",Astimex,,,,,,,,,,,,,,0.65,,,,,,,,,,,,,,,,,,,,,,,,,,,,,,,,,,,,,,,,,14.51,,,,,,,,,,18.40,,,,,,,,,,,,,,,,,,,,,,,,,30.39,,,,,,,,,,,,,,,,,,35.80,,,,,,,,,,,99.75,,,,,,,,,,,,,,,,,,,
140,Astimex,50,ja,,Na4BeAlSi4O12Cl,Tugtupite,,Als Oxid würde zu viel O als F dazugerechnet werden,Astimex,,,,,,,,,,,,,,,,,,,,,,,,,,,,,,,,,,,,,,,,,,,,,,,,,,,,,,,23.95,,,,,,19.01,,,,,,,,,7.57,,,,,,,,,,,,,,,1.88,,,,,5.76,,,,,,,,,,,,,,,,,,40.67,,,,,,,,,,,98.84,,,,,,,,,,,,,,,,,,,
141,Astimex,51,ja,,"(Zn,Mn)2SiO4",Willemite,,"Willemite is used to center and focus the electron beam. It can also be used as a calibration standard for Zn, but not for Mg",Astimex,28.30,,,,,,0.02,,,5.95,,,,,,,,,,,,,66.12,,,,,,,,,,,,,,,,,,,,,,,,,,,,,,,,,,,,,,,,,,,,,,,,,,,,,,,,,,,,,,,,,,,,,,,,,,,,,,,,,,,,,,,,,,,,,,,,100.39,,,,,,,,,,,,,,,,,,,
142,Astimex,52,ja,,Y3Al5O12,YttriumAlGrt,,,Astimex,,,42.95,,,,,,,,,,,,,,,,,,,,,,,,57.06,,,,,,,,,,,,,,,,,,,,,,,,,,,,,,,,,,,,,,,,,,,,,,,,,,,,,,,,,,,,,,,,,,,,,,,,,,,,,,,,,,,,,,,,,,,,100.01,,,,,,,,,,,,,,,,,,,
143,Astimex,53,ja,,ZrO2,Zircona,,,Astimex,,,,,,,,,,,,,,,,,,,,,,,,,,,18.25,79.93,,,,,,,,,,,,,,,,,,,,,,1.78,,,,,,,,,,,,,,,,,,,,,,,,,,,,,,,,,,,,,,,,,,,,,,,,,,,,,,,,,,,,,,,,,,,,,99.96,,,,,,,,,,,,,,,,,,,
144,REE1,,nein,,ScPO4,,,,"Smithsonian, USNM 168495",,,,,,,,,,,,,,,,,,50.72,,,,,,,,,,,,,,,,,48.28,,,,,,,,,,,,,,,,,,,,,,,,,,,,,,,,,,,,,,,,,,,,,,,,,,,,,,,,,,,,,,,,,,,,,,,,,,,,,,,,,,,,100.00,,,,,,,,,,,,,,,,,,,
145,REE1,,nein,,YPO4,,,,"Smithsonian, USNM 168499",,,,,,,,,,,,,,,,,,38.60,,,,,,,,,61.40,,,,,,,,,,,,,,,,,,,,,,,,,,,,,,,,,,,,,,,,,,,,,,,,,,,,,,,,,,,,,,,,,,,,,,,,,,,,,,,,,,,,,,,,,,,,100.00,,,,,,,,,,,,,,,,,,,
146,REE1,,nein,,LaPO4,,,,"Smithsonian, USNM 168490",,,,,,,,,,,,,,,,,,30.35,,,,,,,,,,,,,,,,,,69.65,,,,,,,,,,,,,,,,,,,,,,,,,,,,,,,,,,,,,,,,,,,,,,,,,,,,,,,,,,,,,,,,,,,,,,,,,,,,,,,,,,,100.00,,,,,,,,,,,,,,,,,,,
147,REE1,,nein,,CePO4,,,,"Smithsonian, USNM 168484",,,,,,,,,,,,,,,,,,30.19,,,,,,,,,,,,,,,,,,,69.81,,,,,,,,,,,,,,,,,,,,,,,,,,,,,,,,,,,,,,,,,,,,,,,,,,,,,,,,,,,,,,,,,,,,,,,,,,,,,,,,,,100.00,,,,,,,,,,,,,,,,,,,
148,REE1,,nein,,PrPO4,,,,"Smithsonian, USNM 168493",,,,,,,,,,,,,,,,,,30.09,,,,,,,,,,,,,,,,,,,,69.91,,,,,,,,,,,,,,,,,,,,,,,,,,,,,,,,,,,,,,,,,,,,,,,,,,,,,,,,,,,,,,,,,,,,,,,,,,,,,,,,,100.00,,,,,,,,,,,,,,,,,,,
149,REE1,,nein,,NdPO4,,,,"Smithsonian, USNM 168492",,,,,,,,,,,,,,,,,,29.67,,,,,,,,,,,,,,,,,,,,,70.33,,,,,,,,,,,,,,,,,,,,,,,,,,,,,,,,,,,,,,,,,,,,,,,,,,,,,,,,,,,,,,,,,,,,,,,,,,,,,,,,100.00,,,,,,,,,,,,,,,,,,,
150,REE1,,nein,,SmPO4,,,,"Smithsonian, USNM 168494",,,,,,,,,,,,,,,,,,28.93,,,,,,,,,,,,,,,,,,,,,,71.07,,,,,,,,,,,,,,,,,,,,,,,,,,,,,,,,,,,,,,,,,,,,,,,,,,,,,,,,,,,,,,,,,,,,,,,,,,,,,,,100.00,,,,,,,,,,,,,,,,,,,
151,REE1,,nein,,EuPO4,,,,"Smithsonian, USNM 168487",,,,,,,,,,,,,,,,,,28.74,,,,,,,,,,,,,,,,,,,,,,,71.26,,,,,,,,,,,,,,,,,,,,,,,,,,,,,,,,,,,,,,,,,,,,,,,,,,,,,,,,,,,,,,,,,,,,,,,,,,,,,,100.00,,,,,,,,,,,,,,,,,,,
152,REE1,,nein,,GdPO4,,,,"Smithsonian, USNM 168488",,,,,,,,,,,,,,,,,,28.14,,,,,,,,,,,,,,,,,,,,,,,,71.86,,,,,,,,,,,,,,,,,,,,,,,,,,,,,,,,,,,,,,,,,,,,,,,,,,,,,,,,,,,,,,,,,,,,,,,,,,,,,100.00,,,,,,,,,,,,,,,,,,,
153,REE1,,nein,,TbPO4,,,,"Smithsonian, USNM 168496",,,,,,,,,,,,,,,,,,27.95,,,,,,,,,,,,,,,,,,,,,,,,,72.05,,,,,,,,,,,,,,,,,,,,,,,,,,,,,,,,,,,,,,,,,,,,,,,,,,,,,,,,,,,,,,,,,,,,,,,,,,,,100.00,,,,,,,,,,,,,,,,,,,
154,REE1,,nein,,DyPO4,,,,"Smithsonian, USNM 168485",,,,,,,,,,,,,,,,,,27.56,,,,,,,,,,,,,,,,,,,,,,,,,,72.44,,,,,,,,,,,,,,,,,,,,,,,,,,,,,,,,,,,,,,,,,,,,,,,,,,,,,,,,,,,,,,,,,,,,,,,,,,,100.00,,,,,,,,,,,,,,,,,,,
155,REE1,,nein,,HoPO4,,,,"Smithsonian, USNM 168489",,,,,,,,,,,,,,,,,,27.31,,,,,,,,,,,,,,,,,,,,,,,,,,,72.69,,,,,,,,,,,,,,,,,,,,,,,,,,,,,,,,,,,,,,,,,,,,,,,,,,,,,,,,,,,,,,,,,,,,,,,,,,100.00,,,,,,,,,,,,,,,,,,,
156,REE1,,nein,,ErPO4,,,,"Smithsonian, USNM 168486",,,,,,,,,,,,,,,,,,27.06,,,,,,,,,,,,,,,,,,,,,,,,,,,,72.94,,,,,,,,,,,,,,,,,,,,,,,,,,,,,,,,,,,,,,,,,,,,,,,,,,,,,,,,,,,,,,,,,,,,,,,,,100.00,,,,,,,,,,,,,,,,,,,
157,REE1,,nein,,TmPO4,,,,"Smithsonian, USNM 168497",,,,,,,,,,,,,,,,,,26.89,,,,,,,,,,,,,,,,,,,,,,,,,,,,,73.11,,,,,,,,,,,,,,,,,,,,,,,,,,,,,,,,,,,,,,,,,,,,,,,,,,,,,,,,,,,,,,,,,,,,,,,,100.00,,,,,,,,,,,,,,,,,,,
158,REE1,,nein,,YbPO4,,,,"Smithsonian, USNM 168498",,,,,,,,,,,,,,,,,,26.48,,,,,,,,,,,,,,,,,,,,,,,,,,,,,,73.52,,,,,,,,,,,,,,,,,,,,,,,,,,,,,,,,,,,,,,,,,,,,,,,,,,,,,,,,,,,,,,,,,,,,,,,100.00,,,,,,,,,,,,,,,,,,,
159,REE1,,nein,,LuPO4,,,,"Smithsonian, USNM 168491",,,,,,,,,,,,,,,,,,26.29,,,,,,,,,,,,,,,,,,,,,,,,,,,,,,,73.71,,,,,,,,,,,,,,,,,,,,,,,,,,,,,,,,,,,,,,,,,,,,,,,,,,,,,,,,,,,,,,,,,,,,,,100.00,,,,,,,,,,,,,,,,,,,
160,NBS-metals,,ja,,Ag,,,,"NIST, NBS",,,,,,,,,,,,,,,,,,,,,,,,,,,,,,,,,,,,,,,,,,,,,,,,,,,,,,,,,,,,,,,,,,,,,,,,,,,,,,,,,,,,,,100.00,,,,,,,,,,,,,,,,,,,,,,,,,,,,,,,,,100.00,,,,,,,,,,,,,,,,,,,
161,NBS-metals,,ja,,Al,,,,"NIST, NBS",,,,,,,,,,,,,,,,,,,,,,,,,,,,,,,,,,,,,,,,,,,,,,,,,,,,,,,,,,,,,,,,,,,,,,,,,,,,,,,,,,,,,,,,,,100.00,,,,,,,,,,,,,,,,,,,,,,,,,,,,,100.00,,,,,,,,,,,,,,,,,,,
162,NBS-metals,,ja,,An,,,,"NIST, NBS",,,,,,,,,,,,,,,,,,,,,,,,,,,,,,,,,,,,,,,,,,,,,,,,,,,,,,,,,,,,,,,,,,,,,,,,,,100.00,,,,,,,,,,,,,,,,,,,,,,,,,,,,,,,,,,,,,,,,,,,,,100.00,,,,,,,,,,,,,,,,,,,
163,NBS-metals,,ja,,As,,,,"NIST, NBS",,,,,,,,,,,,,,,,,,,,,,,,,,,,,,,,,,,,,,,,,,,,,,,,,,,,,,,,,,,,,,,,,,,,,,,,,,,,,,,,,,,,,,,,100.00,,,,,,,,,,,,,,,,,,,,,,,,,,,,,,,100.00,,,,,,,,,,,,,,,,,,,
164,NBS-metals,,ja,,B,,,,"NIST, NBS",,,,,,,,,,,,,,,,,,,,,,,,,,,,,,,,,,,,,,,,,,,,,,,,,,,,,,,,,,,100.00,,,,,,,,,,,,,,,,,,,,,,,,,,,,,,,,,,,,,,,,,,,,,,,,,,,,,,,,,,,,100.00,,,,,,,,,,,,,,,,,,,
165,NBS-metals,,ja,,BaWO4,,,stöchiometrisch berechnet,"NIST, NBS",,,,,,,,,,,,,,,,,,,,,,,,,,,,,,,,41.53,58.47,,,,,,,,,,,,,,,,,,,,,,,,,,,,,,,,,,,,,,,,,,,,,,,,,,,,,,,,,,,,,,,,,,,,,,,,,,,,,,,,,,,,,,100.00,,,,,,,,,,,,,,,,,,,
166,NBS-metals,,ja,,Be,,,,"NIST, NBS",,,,,,,,,,,,,,,,,,,,,,,,,,,,,,,,,,,,,,,,,,,,,,,,,,,,,,,,,,,,,,,,,,,,,,,,,,,,,,,,,,,,,100.00,,,,,,,,,,,,,,,,,,,,,,,,,,,,,,,,,,100.00,,,,,,,,,,,,,,,,,,,
167,NBS-metals,,ja,,Bi,,,,"NIST, NBS",,,,,,,,,,,,,,,,,,,,,,,,,,,,,,,,,,,,,,,,,,,,,,,,,,,,,,,,,,,,,,,,,,,,,,,,,,,,,,,,,,,,,,,,,,,,,,,,,,,,,,,,,,,,,,,,,100.00,,,,,,100.00,,,,,,,,,,,,,,,,,,,
168,NBS-metals,,ja,,C,,,,"NIST, NBS",,,,,,,,,,,,,,,,,,,,,,,,,,,,,,,,,,,,,,,,,,,,,,,,,,,,,,,,,,,,,,,,,,,,100.00,,,,,,,,,,,,,,,,,,,,,,,,,,,,,,,,,,,,,,,,,,,,,,,,,,,100.00,,,,,,,,,,,,,,,,,,,
169,NBS-metals,,ja,,CaF2,,,stöchiometrisch berechnet,"NIST, NBS",,,,,,,,,,,,,,,,,,,,,,,,,,,,,,,,,,,,,,,,,,,,,,,,,,,,,,,,,,51.33,,,,,,,48.67,,,,,,,,,,,,,,,,,,,,,,,,,,,,,,,,,,,,,,,,,,,,,,,,,,,,,,100.00,,,,,,,,,,,,,,,,,,,
170,NBS-metals,,ja,,CaWO4,,,stöchiometrisch berechnet,"NIST, NBS",,,,,,,,,,,19.48,,,,,,,,,,,,,,,,,,,,,,80.52,,,,,,,,,,,,,,,,,,,,,,,,,,,,,,,,,,,,,,,,,,,,,,,,,,,,,,,,,,,,,,,,,,,,,,,,,,,,,,,,,,,,,,100.00,,,,,,,,,,,,,,,,,,,
171,NBS-metals,,ja,,Cd,,,,"NIST, NBS",,,,,,,,,,,,,,,,,,,,,,,,,,,,,,,,,,,,,,,,,,,,,,,,,,,,,,,,,,,,,,,,,,,,,,,,,,,100.00,,,,,,,,,,,,,,,,,,,,,,,,,,,,,,,,,,,,,,,,,,,,100.00,,,,,,,,,,,,,,,,,,,
172,NBS-metals,,ja,,Ce,,,,"NIST, NBS",,,,,,,,,,,,,,,,,,,,,,,,,,,,,,,,,,,,,,,,,,,,,,,,,,,,,,,,,,,,,,,,,,,,,,,,,,,,,,,,,,100,,,,,,,,,,,,,,,,,,,,,,,,,,,,,,,,,,,,,100.00,,,,,,,,,,,,,,,,,,,
173,NBS-metals,,ja,,Co,,,stöchiometrisch berechnet,"NIST, NBS",,,,,,,,,,,,,,,,,,,,,,,,,,,,,,,,,,,,,,,,,,,,,,,,,,,,,,,,,0.50,,,,,1.40,,,,,,,,,98.00,0.10,,,,,,,,,,,,,,,,,,,,,,,,,,,,,,,,,,,,,,,,,,,,,,,100.00,,,,,,,,,,,,,,,,,,,
174,NBS-metals,,ja,,Cr,,,,"NIST, NBS",,,,,,,,,,,,,,,,,,,,,,,,,,,,,,,,,,,,,,,,,,,,,,,,,,,,,,,,,,,,,,,,,,,,,,,,,,,,,100.00,,,,,,,,,,,,,,,,,,,,,,,,,,,,,,,,,,,,,,,,,,100.00,,,,,,,,,,,,,,,,,,,
175,NBS-metals,,ja,,Cs,,,,"NIST, NBS",,,,,,,,,,,,,,,,,,,,,,,,,,,,,,,,,,,,,,,,,,,,,,,,,,,,,,,,,,,,,,,,,,,,,,,,,,,,,,,,,,,100.00,,,,,,,,,,,,,,,,,,,,,,,,,,,,,,,,,,,,100.00,,,,,,,,,,,,,,,,,,,
176,NBS-metals,,ja,,Cu,,,,"NIST, NBS",,,,,,,,,,,,,,,,,,,,,,,,,,,,,,,,,,,,,,,,,,,,,,,,,,,,,,,,,,,,,,,,,,,,,,,,100.00,,,,,,,,,,,,,,,,,,,,,,,,,,,,,,,,,,,,,,,,,,,,,,,100.00,,,,,,,,,,,,,,,,,,,
177,NBS-metals,,ja,,Dy,,,,"NIST, NBS",,,,,,,,,,,,,,,,,,,,,,,,,,,,,,,,,,,,,,,,,,,,,,,,,,,,,,,,,,,,,,,,,,,,,,,,,,,,,,,,,,,,,,,,,,,,,,,,,,100.00,,,,,,,,,,,,,,,,,,,,,100.00,,,,,,,,,,,,,,,,,,,
178,NBS-metals,,ja,,Er,,,,"NIST, NBS",,,,,,,,,,,,,,,,,,,,,,,,,,,,,,,,,,,,,,,,,,,,,,,,,,,,,,,,,,,,,,,,,,,,,,,,,,,,,,,,,,,,,,,,,,,,,,,,,,,,100.00,,,,,,,,,,,,,,,,,,,100.00,,,,,,,,,,,,,,,,,,,
179,NBS-metals,,ja,,Fe,,,,"NIST, NBS",,,,,,,,,,,,,,,,,,,,,,,,,,,,,,,,,,,,,,,,,,,,,,,,,,,,,,,,,100.00,,,,,,,,,,,,,,,,,,,,,,,,,,,,,,,,,,,,,,,,,,,,,,,,,,,,,,,,,,,,,,100.00,,,,,,,,,,,,,,,,,,,
180,NBS-metals,,ja,,FeS,,,stöchiometrisch berechnet,"NIST, NBS",,,,,,,,,,,,,,,,,,,,,,,,,,,,,,,,,,,,,,,,,,,,,,,,,,,,,,,,,63.53,,,,,,,,,,36.47,,,,,,,,,,,,,,,,,,,,,,,,,,,,,,,,,,,,,,,,,,,,,,,,,,,,100.00,,,,,,,,,,,,,,,,,,,
181,NBS-metals,,ja,,GaP,,,stöchiometrisch berechnet,"NIST, NBS",,,,,,,,,,,,,,,,,,,,,,,,,,,,,,,,,,,,,,,,,,,,,,,,,,,,,,,,,,,,,,,,,,,,,30.76,,,,,,,,,,,,,,,69.24,,,,,,,,,,,,,,,,,,,,,,,,,,,,,,,,,,,100.00,,,,,,,,,,,,,,,,,,,
182,NBS-metals,,ja,,Ge,,,,"NIST, NBS",,,,,,,,,,,,,,,,,,,,,,,,,,,,,,,,,,,,,,,,,,,,,,,,,,,,,,,,,,,,,,,,,,,,,,,,,,,,,,,,,,,,,,,,,,,100.00,,,,,,,,,,,,,,,,,,,,,,,,,,,,100.00,,,,,,,,,,,,,,,,,,,
183,NBS-metals,,ja,,Hf,,,,"NIST, NBS",,,,,,,,,,,,,,,,,,,,,,,,,,,,,,,,,,,,,,,,,,,,,,,,,,,,,,,,,,,,,,,,,,,,,,,,,,,,,,,,100.00,,,,,,,,,,,,,,,,,,,,,,,,,,,,,,,,,,,,,,,100.00,,,,,,,,,,,,,,,,,,,
184,NBS-metals,,ja,,In,,,,"NIST, NBS",,,,,,,,,,,,,,,,,,,,,,,,,,,,,,,,,,,,,,,,,,,,,,,,,,,,,,,,,,,,,,,,,,,,,,,,,,,,,,,,,,,,,,,,,,,,100.00,,,,,,,,,,,,,,,,,,,,,,,,,,,100.00,,,,,,,,,,,,,,,,,,,
185,NBS-metals,,ja,,Ir,,,,"NIST, NBS",,,,,,,,,,,,,,,,,,,,,,,,,,,,,,,,,,,,,,,,,,,,,,,,,,,,,,,,,,,,,,,,,,,,,,,,,,,,,,,,,,,,,,,,,,,,,,100.00,,,,,,,,,,,,,,,,,,,,,,,,,100.00,,,,,,,,,,,,,,,,,,,
186,NBS-metals,,ja,,Mg,,,,"NIST, NBS",,,,,,,,,,,,,,,,,,,,,,,,,,,,,,,,,,,,,,,,,,,,,,,,,,,,,,,,100.00,,,,,,,,,,,,,,,,,,,,,,,,,,,,,,,,,,,,,,,,,,,,,,,,,,,,,,,,,,,,,,,100.00,,,,,,,,,,,,,,,,,,,
187,NBS-metals,,ja,,Mn,,,,"NIST, NBS",,,,,,,,,,,,,,,,,,,,,,,,,,,,,,,,,,,,,,,,,,,,,,,,,,,,,,,,,,,,,,,,100.00,,,,,,,,,,,,,,,,,,,,,,,,,,,,,,,,,,,,,,,,,,,,,,,,,,,,,,,100.00,,,,,,,,,,,,,,,,,,,
188,NBS-metals,,ja,,Mo,,,,"NIST, NBS",,,,,,,,,,,,,,,,,,,,,,,,,,,,,,,,,,,,,,,,,,,,,,,,,,,,,,,,,,,,,,,,,,,,,,,,,,,,,,,,,,,,,,,,,,,,,,,100.00,,,,,,,,,,,,,,,,,,,,,,,,100.00,,,,,,,,,,,,,,,,,,,
189,NBS-metals,,ja,,Nb,,,,"NIST, NBS",,,,,,,,,,,,,,,,,,,,,,,,,,,,,,,,,,,,,,,,,,,,,,,,,,,,,,,,,,,,,,,,,,,,,,,,,,,,,,,,,100.00,,,,,,,,,,,,,,,,,,,,,,,,,,,,,,,,,,,,,,100.00,,,,,,,,,,,,,,,,,,,
190,NBS-metals,,ja,,Ni,,,,"NIST, NBS",,,,,,,,,,,,,,,,,,,,,,,,,,,,,,,,,,,,,,,,,,,,,,,,,,,,,,,,,,,,,,100.00,,,,,,,,,,,,,,,,,,,,,,,,,,,,,,,,,,,,,,,,,,,,,,,,,,,,,,,,,100.00,,,,,,,,,,,,,,,,,,,
191,NBS-metals,,ja,,Pb,,,,"NIST, NBS",,,,,,,,,,,,,,,,,,,,,,,,,,,,,,,,,,,,,,,,,,,,,,,,,,,,,,,,,,,,,,,,,,,,,,,,,,,,,,,,,,,,,,,,,,,,,,,,,,,,,,,,,,,,,,,,100.00,,,,,,,100.00,,,,,,,,,,,,,,,,,,,
192,NBS-metals,,ja,,Pd,,,,"NIST, NBS",,,,,,,,,,,,,,,,,,,,,,,,,,,,,,,,,,,,,,,,,,,,,,,,,,,,,,,,,,,,,,,,,,,,,,,,,,,,,,100.00,,,,,,,,,,,,,,,,,,,,,,,,,,,,,,,,,,,,,,,,,100.00,,,,,,,,,,,,,,,,,,,
193,NBS-metals,,ja,,Pt,,,,"NIST, NBS",,,,,,,,,,,,,,,,,,,,,,,,,,,,,,,,,,,,,,,,,,,,,,,,,,,,,,,,,,,,,,,,,,,,,,,,,,,,,,,,,,,,,,,,,,,,,,,,,,,,,,,,,,,,,,,,,,,,,,,100.00,,,,,,,,,,,,,,,,,,,
194,NBS-metals,,ja,,Re,,,,"NIST, NBS",,,,,,,,,,,,,,,,,,,,,,,,,,,,,,,,,,,,,,,,,,,,,,,,,,,,,,,,,,,,,,,,,,,,,,,,,,,,,,,,,,,,,,,,,,,,,,,,,,,,,,100.00,,,,,,,,,,,,,,,,,100.00,,,,,,,,,,,,,,,,,,,
195,NBS-metals,,ja,,Rh,,,,"NIST, NBS",,,,,,,,,,,,,,,,,,,,,,,,,,,,,,,,,,,,,,,,,,,,,,,,,,,,,,,,,,,,,,,,,,,,,,,,,,,,,,,,,,,,,,,,,,,,,,,,,,,,,,,,100.00,,,,,,,,,,,,,,,100.00,,,,,,,,,,,,,,,,,,,
196,NBS-metals,,ja,,Ru,,,,"NIST, NBS",,,,,,,,,,,,,,,,,,,,,,,,,,,,,,,,,,,,,,,,,,,,,,,,,,,,,,,,,,,,,,,,,,,,,,,,,,,,,,,,,,,,,,,100.00,,,,,,,,,,,,,,,,,,,,,,,,,,,,,,,,100.00,,,,,,,,,,,,,,,,,,,
197,NBS-metals,,ja,,Sb,,,,"NIST, NBS",,,,,,,,,,,,,,,,,,,,,,,,,,,,,,,,,,,,,,,,,,,,,,,,,,,,,,,,,,,,,,,,,,,,,,,,,,,,,,,,,,,,,,,,,,,,,,,,,100.00,,,,,,,,,,,,,,,,,,,,,,100.00,,,,,,,,,,,,,,,,,,,
198,NBS-metals,,ja,,Sc,,,,"NIST, NBS",,,,,,,,,,,,,,,,,,,,,,,,,,,,,,,,,,,,,,,,,,,,,,,,,,,,,,,,,,,,,,,,,,,,,,,,,,,,100.00,,,,,,,,,,,,,,,,,,,,,,,,,,,,,,,,,,,,,,,,,,,100.00,,,,,,,,,,,,,,,,,,,
199,NBS-metals,,ja,,Se,,,,"NIST, NBS",,,,,,,,,,,,,,,,,,,,,,,,,,,,,,,,,,,,,,,,,,,,,,,,,,,,,,,,,,,,,,,,,,,,,,,,,,,,,,,,,,,,,,,,,100.00,,,,,,,,,,,,,,,,,,,,,,,,,,,,,,100.00,,,,,,,,,,,,,,,,,,,
200,NBS-metals,,ja,,Si,,,,"NIST, NBS",,,,,,,,,,,,,,,,,,,,,,,,,,,,,,,,,,,,,,,,,,,,,,,,,,,,,,,100.00,,,,,,,,,,,,,,,,,,,,,,,,,,,,,,,,,,,,,,,,,,,,,,,,,,,,,,,,,,,,,,,,100.00,,,,,,,,,,,,,,,,,,,
201,NBS-metals,,ja,,Sn,,,,"NIST, NBS",,,,,,,,,,,,,,,,,,,,,,,,,,,,,,,,,,,,,,,,,,,,,,,,,,,,,,,,,,,,,,,,,,,,,,,,,,,,,,,,,,,,,,,,,,,,,,,,100.00,,,,,,,,,,,,,,,,,,,,,,,100.00,,,,,,,,,,,,,,,,,,,
202,NBS-metals,,ja,,Sr,,,,"NIST, NBS",,,,,,,,,,,,,,,,,,,,,,,,,,,,,,,,,,,,,,,,,,,,,,,,,,,,,,,,,,,,,,,,,,,,,,,,,,,,,,,,,,,,,,,,,,,,,,,,,,,,,,,100.00,,,,,,,,,,,,,,,,100.00,,,,,,,,,,,,,,,,,,,
203,NBS-metals,,ja,,Ta,,,,"NIST, NBS",,,,,,,,,,,,,,,,,,,,,,,,,,,,,,,,,,,,,,,,,,,,,,,,,,,,,,,,,,,,,,,,,,,,,,,,,,,,,,,,,,,,,,,,,,,,,,,,,,,,,100.00,,,,,,,,,,,,,,,,,,100.00,,,,,,,,,,,,,,,,,,,
204,NBS-metals,,ja,,Tb,,,,"NIST, NBS",,,,,,,,,,,,,,,,,,,,,,,,,,,,,,,,,,,,,,,,,,,,,,,,,,,,,,,,,,,,,,,,,,,,,,,,,,,,,,,100.00,,,,,,,,,,,,,,,,,,,,,,,,,,,,,,,,,,,,,,,,100.00,,,,,,,,,,,,,,,,,,,
205,NBS-metals,,ja,,Te,,,,"NIST, NBS",,,,,,,,,,,,,,,,,,,,,,,,,,,,,,,,,,,,,,,,,,,,,,,,,,,,,,,,,,,,,,,,,,,,,,,,,,,,,,,,,,,,,,,,,,,,,,,,,,,,,,,,,100.00,,,,,,,,,,,,,,100.00,,,,,,,,,,,,,,,,,,,
206,NBS-metals,,ja,,Te,,,,"NIST, NBS",,,,,,,,,,,,,,,,,,,,,,,,,,,,,,,,,,,,,,,,,,,,,,,,,,,,,,,,,,,,,,,,,,,,,,,,,,,,,,,,,,,,,,,,,,,,,,,,,,,,,,,,,100.00,,,,,,,,,,,,,,100.00,,,,,,,,,,,,,,,,,,,
207,NBS-metals,,ja,,Ti,,,,"NIST, NBS",,,,,,,,,,,,,,,,,,,,,,,,,,,,,,,,,,,,,,,,,,,,,,,,,,,,,,,,,,,,,,,100.00,,,,,,,,,,,,,,,,,,,,,,,,,,,,,,,,,,,,,,,,,,,,,,,,,,,,,,,,100.00,,,,,,,,,,,,,,,,,,,
208,NBS-metals,,ja,,V,,,,"NIST, NBS",,,,,,,,,,,,,,,,,,,,,,,,,,,,,,,,,,,,,,,,,,,,,,,,,,,,,,,,,,,,,,,,,,,,,,,,,,,,,,,,,,,,,,,,,,,,,,,,,,,,,,,,,,,,,,,,,,,100.00,,,,100.00,,,,,,,,,,,,,,,,,,,
209,NBS-metals,,ja,,W,,,,"NIST, NBS",,,,,,,,,,,,,,,,,,,,,,,,,,,,,,,,,,,,,,,,,,,,,,,,,,,,,,,,,,,,,,,,,,,,,,,,,,,,,,,,,,,,,,,,,,,,,,,,,,,,,,,,,,,,,,,,,,,,100.00,,,100.00,,,,,,,,,,,,,,,,,,,
210,NBS-metals,,ja,,Y,,,,"NIST, NBS",,,,,,,,,,,,,,,,,,,,,,,,,,,,,,,,,,,,,,,,,,,,,,,,,,,,,,,,,,,,,,,,,,,,,,,,,,,,,,,,,,,,,,,,,,,,,,,,,,,,,,,,,,,,,,,,,,,,,100.00,,100.00,,,,,,,,,,,,,,,,,,,
211,NBS-metals,,ja,,Zn,,,,"NIST, NBS",,,,,,,,,,,,,,,,,,,,,,,,,,,,,,,,,,,,,,,,,,,,,,,,,,,,,,,,,,,,,,,,,,,,,,,,,100.00,,,,,,,,,,,,,,,,,,,,,,,,,,,,,,,,,,,,,,,,,,,,,,100.00,,,,,,,,,,,,,,,,,,,
212,NBS-metals,,ja,,Zr,,,,"NIST, NBS",,,,,,,,,,,,,,,,,,,,,,,,,,,,,,,,,,,,,,,,,,,,,,,,,,,,,,,,,,,,,,,,,,,,,,,,,,,,,,,,,,,,,,,,,,,,,,,,,,,,,,,,,,,,,,,,,,,,,,100.00,100.00,,,,,,,,,,,,,,,,,,,
,,,,,,,,,,,,,,,,,,,,,,,,,,,,,,,,,,,,,,,,,,,,,,,,,,,,,,,,,,,,,,,,,,,,,,,,,,,,,,,,,,,,,,,,,,,,,,,,,,,,,,,,,,,,,,,,,,,,,,,,,,,,,,,,,,,,,,,,,,,,,,,,,,,
,,,,,,,,,,,,,,,,,,,,,,,,,,,,,,,,,,,,,,,,,,,,,,,,,,,,,,,,,,,,,,,,,,,,,,,,,,,,,,,,,,,,,,,,,,,,,,,,,,,,,,,,,,,,,,,,,,,,,,,,,,,,,,,,,,,,,,,,,,,,,,,,,,,
,,,,,,,,,,,,,,,,,,,,,,,,,,,,,,,,,,,,,,,,,,,,,,,,,,,,,,,,,,,,,,,,,,,,,,,,,,,,,,,,,,,,,,,,,,,,,,,,,,,,,,,,,,,,,,,,,,,,,,,,,,,,,,,,,,,,,,,,,,,,,,,,,,,
216,3R,4,nein,,Fe2O3,,,"vielleicht vergossen, Block 3","McGuire, Smithsonian, USNM 92649",,8.80,,5.68,,72.69,5.81,,,3.79,3.80,,,,,,,,,,,,,,,,,,,,,,,,,,,,,,,,,,,,,,,,,,,,,,,,,,,,,,,,,,,,,,,,,,,,,,,,,,,,,,,,,,,,,,,,,,,,,,,,,,,,,,,,,,,,100.57,,,,,,,,,,,,,,,,,,,
,,,,,,,,,,,,,,,,,,,,,,,,,,,,,,,,,,,,,,,,,,,,,,,,,,,,,,,,,,,,,,,,,,,,,,,,,,,,,,,,,,,,,,,,,,,,,,,,,,,,,,,,,,,,,,,,,,,,,,,,,,,,,,,,,,,,,,,,,,,,,,,,,,,
,,,,,,,,,,,,,,,,,,,,,,,,,,,,,,,,,,,,,,,,,,,,,,,,,,,,,,,,,,,,,,,,,,,,,,,,,,,,,,,,,,,,,,,,,,,,,,,,,,,,,,,,,,,,,,,,,,,,,,,,,,,,,,,,,,,,,,,,,,,,,,,,,,,
,,,,,,,,,,,,,,,,,,,,,,,,,,,,,,,,,,,,,,,,,,,,,,,,,,,,,,,,,,,,,,,,,,,,,,,,,,,,,,,,,,,,,,,,,,,,,,,,,,,,,,,,,,,,,,,,,,,,,,,,,,,,,,,,,,,,,,,,,,,,,,,,,,,
220,3R,8,nein,,,Pyrop,,"vielleicht vergossen, Block 4","Jarosewich Standard, Smithsonia, USNM 143968",41.46,0.47,23.73,,,,10.68,,18.51,0.28,5.17,,,,,,,,,,,,,,,,,,,,,,,,,,,,,,,,,,,,,,,,,,,,,,,,,,,,,,,,,,,,,,,,,,,,,,,,,,,,,,,,,,,,,,,,,,,,,,,,,,,,,,,,,,,,100.30,,,,,,,,,,,,,,,,,,,
221,3R,9,nein,,,Augit,,,"Jarosewich Standard, Smithsonian, USNM 122142",50.73,0.74,8.73,,,1.08,5.37,,16.65,0.13,15.82,1.27,,,,,,,,,,,,,,,,,,,,,,,,,,,,,,,,,,,,,,,,,,,,,,,,,,,,,,,,,,,,,,,,,,,,,,,,,,,,,,,,,,,,,,,,,,,,,,,,,,,,,,,,,,,100.56,,,,,,,,,,,,,,,,,,,
222,3R,10,nein,,,Diopside,,"vielleicht vergossen, Block 4","Jarosewich Standard, Smithsonian, NMNH 117733",54.87,,0.11,,,,0.24,,18.3,0.04,25.63,0.34,,,,,,,,,,,,,,,,,,,,,,,,,,,,,,,,,,,,,,,,,,,,,,,,,,,,,,,,,,,,,,,,,,,,,,,,,,,,,,,,,,,,,,,,,,,,,,,,,,,,,,,,,,,99.53,,,,,,,,,,,,,,,,,,,
223,3R,11,nein,,,Hypersthen,,,"Jarosewich Standard, Smithsonian, USNM 746",54.09,0.16,1.23,0.75,,,15.22,,26.79,0.49,1.52,,,,,,,,,,,,,,,,,,,,,,,,,,,,,,,,,,,,,,,,,,,,,,,,,,,,,,,,,,,,,,,,,,,,,,,,,,,,,,,,,,,,,,,,,,,,,,,,,,,,,,,,,,,,100.25,,,,,,,,,,,,,,,,,,,
224,3R,12,ja,M3,,Omphacite,,,"Jarosewich Standard, Smithsonian, USNM 110607",55.42,0.37,8.89,,,1.35,3.41,,11.57,0.10,13.75,5.00,0.15,,,,,,,,,,,,,,,,,,,,,,,,,,,,,,,,,,,,,,,,,,,,,,,,,,,,,,,,,,,,,,,,,,,,,,,,,,,,,,,,,,,,,,,,,,,,,,,,,,,,,,,,,,100.01,,,,,,,,,,,,,,,,,,,
225,3R,13,nein,,,Wollastonite,"& 10% CaCO3, Synth.",,"Daniel Röhnert, in House Dr. Arbeit",,,,,,,,,,,,,,,,,,,,,,,,,,,,,,,,,,,,,,,,,,,,,,,,,,,,,,,,,,,,,,,,,,,,,,,,,,,,,,,,,,,,,,,,,,,,,,,,,,,,,,,,,,,,,,,,,,,,,,,,,,,,,,,,,,,,,,,,,,
226,3R,14,nein,,,Hornblende ,,,"Jarosewich Standard, Smithsonian, USNM 143965",40.37,4.72,14.9,,,3.3,7.95,,12.8,0.09,10.3,2.6,2.05,0.94,,,,,,,,,,,,,,,,,,,,,,,,,,,,,,,,,,,,,,,,,,,,,,,,,,,,,,,,,,,,,,,,,,,,,,,,,,,,,,,,,,,,,,,,,,,,,,,,,,,,,,,,,100.02,,,,,,,,,,,,,,,,,,,
227,3R,15,nein,,,Microcline,,,"Jarosewich Standard, Smithsonian, USNM 143966",64.24,0.01,18.3,,,,0.04,,0.03,0.04,0.02,1.3,15.14,,,,,,,,,,,,,,,,,,,,,,,,,,,,,,,,,,,,,,,,,,,,,,,,,,,,,,,,,,,,,,,,,,,,,,,,,,,,,,,,,,,,,,,,,,,,,,,,,,,,,,,,,,99.12,,,,,,,,,,,,,,,,,,,
228,3R,16,nein,,,Anorthoklas,Kakanui,"vielleicht vergossen, Block 4","Jarosewich Standard, Smithsonian, USNM 133868",66.44,,20.12,,,,0.2,,,,0.87,9.31,2.35,,,,,,,,,,,,,,,,,,,,,,,,,,,,,,,,,,,,,,,,,,,,,,,,,,,,,,,,,,,,,,,,,,,,,,,,,,,,,,,,,,,,,,,,,,,,,,,,,,,,,,,,,,99.29,,,,,,,,,,,,,,,,,,,
229,3R,17,nein,,,Anorthite,,,"Jarosewich Standard, Smithsonian, USNM 137041",44.00,0.03,36.03,,,,0.62,,,,19.09,0.53,0.03,,,,,,,,,,,,,,,,,,,,,,,,,,,,,,,,,,,,,,,,,,,,,,,,,,,,,,,,,,,,,,,,,,,,,,,,,,,,,,,,,,,,,,,,,,,,,,,,,,,,,,,,,,100.33,,,,,,,,,,,,,,,,,,,
,,,,,,,,,,,,,,,,,,,,,,,,,,,,,,,,,,,,,,,,,,,,,,,,,,,,,,,,,,,,,,,,,,,,,,,,,,,,,,,,,,,,,,,,,,,,,,,,,,,,,,,,,,,,,,,,,,,,,,,,,,,,,,,,,,,,,,,,,,,,,,,,,,,
,,,,,,,,,,,,,,,,,,,,,,,,,,,,,,,,,,,,,,,,,,,,,,,,,,,,,,,,,,,,,,,,,,,,,,,,,,,,,,,,,,,,,,,,,,,,,,,,,,,,,,,,,,,,,,,,,,,,,,,,,,,,,,,,,,,,,,,,,,,,,,,,,,,
232,3R,20,nein,,,Calcite,,,"Jarosewich Standard, Smithsonian, USNM 136321",,,,,,,,,,,56.10,,,,,,44.01,,,,,,,,,,,,,,,,,,,,,,,,,,,,,,,,,,,,,,,,,,,,,,,,,,,,,,,,,,,,,,,,,,,,,,,,,,,,,,,,,,,,,,,,,,,,,,,,,,,,,,100.11,,,,,,,,,,,,,,,,,,,
233,3R,21,nein,,,Dolomite,,,"Jarosewich Standard, Smithsonian, USNM 10057",,,,,,,,,22.04,,30.56,,,,,,46.93,,,,,,,,,,,,,,,,,,,,,,,,,,,,,,,,,,,,,,,,,,,,,,,,,,,,,,,,,,,,,,,,,,,,,,,,,,,,,,,,,,,,,,,,,,,,,,,,,,,,,,99.53,,,,,,,,,,,,,,,,,,,
,,,,,,,,,,,,,,,,,,,,,,,,,,,,,,,,,,,,,,,,,,,,,,,,,,,,,,,,,,,,,,,,,,,,,,,,,,,,,,,,,,,,,,,,,,,,,,,,,,,,,,,,,,,,,,,,,,,,,,,,,,,,,,,,,,,,,,,,,,,,,,,,,,,
235,3R,23,nein,,,Strontianit,,,"Jarosewich Standard, Smithsonian, USNM R-10065",,,,,,,1.90,,,,,,,,,,30.23,,,,,,,,,67.67,,,,,,,,,,,,,,,,,,,,,,,,,,,,,,,,,,,,,,,,,,,,,,,,,,,,,,,,,,,,,,,,,,,,,,,,,,,,,,,,,,,,,,,,,,,,,99.80,,,,,,,,,,,,,,,,,,,
236,3R,24,nein,,,Olivin,SC/KA bzw. SC1,"vielleicht vergossen, Block 4",Köhler and Brey 1990 ,40.42,,,,,,9.58,0.32,48.99,,,,,,,,,,,,,,,,,,,,,,,,,,,,,,,,,,,,,,,,,,,,,,,,,,,,,,,,,,,,,,,,,,,,,,,,,,,,,,,,,,,,,,,,,,,,,,,,,,,,,,,,,,,,,,99.31,,,,,,,,,,,,,,,,,,,
237,3R,25,nein,,,Gahnite,,,"Jarosewich Standard, Smithsonian, USNM 111312/444",,,55.32,,,,1.97,,,0.38,,,,,,,,,,,,,42.50,,,,,,,,,,,,,,,,,,,,,,,,,,,,,,,,,,,,,,,,,,,,,,,,,,,,,,,,,,,,,,,,,,,,,,,,,,,,,,,,,,,,,,,,,,,,,,,,100.17,,,,,,,,,,,,,,,,,,,
238,3R,26,ja,D2,,Olivin,San Carlos,,"Jarosewich Standard, Smithsonian, USNM 111312/444",40.81,,,,,,9.55,,49.42,0.14,,,,,,,,,,,,,,,,,,,,,,,,,,,,,,,,,,,,,,,,,,,,,,,,,,,,,,,,,,,,,,,,,,,,,,,,,,,,,,,,,,,,,,,,,,,,,,,,,,,,,,,,,,,,,100.29,,,,,,,,,,,,,,,,,,,
239,3R,27,nein,,,Spinel,SP C1,"vielleicht vergossen, Block 4",Klaus Blum (Dr. Arbeit),5.01,4.95,34.73,9.27,,,10.89,,14.58,2.45,2.47,2.39,,,,,,,,,4.9,2.4,2.7,,,,,,,,,,,,,,,,,,,,,,,,,,,,,,,,,,,,,,,,,,,,,,,,,,,,,,,,,,,,,,,,,,,,,,,,,,,,,,,,,,,,,,,,,,,,,,,,96.74,,,,,,,,,,,,,,,,,,,
,,,,,,,,,,,,,,,,,,,,,,,,,,,,,,,,,,,,,,,,,,,,,,,,,,,,,,,,,,,,,,,,,,,,,,,,,,,,,,,,,,,,,,,,,,,,,,,,,,,,,,,,,,,,,,,,,,,,,,,,,,,,,,,,,,,,,,,,,,,,,,,,,,,
241,3R,29,nein,,Pb,,,RFA Standard ,in house STD,,,,,,,,,,,,,,,,,,,,,,,,,,,,,,,,,,,,,,,,,,,,,,,,,,,,,,,,,,,,,,,,,,,,,,,,,,,,,,,,,,,,,,,,,,,,,,,,,,,,,,,,,,,,,,,,100.00,,,,,,,100.0,,,,,,,,,,,,,,,,,,,
242,3R,30,nein,,Mo,,,TEM- Aperturblende,,,,,,,,,,,,,,,,,,,,,,,,,,,,,,,,,,,,,,,,,,,,,,,,,,,,,,,,,,,,,,,,,,,,,,,,,,,,,,,,,,,,,,,,,,,,,,,,100.00,,,,,,,,,,,,,,,,,,,,,,,,100.00,,,,,,,,,,,,,,,,,,,
243,3R,31,nein,,,Andradit ,Synth.,,"Thomas Fehr, kein Paper",,,,,,,,,,,,,,,,,,,,,,,,,,,,,,,,,,,,,,,,,,,,,,,,,,,,,,,,,,,,,,,,,,,,,,,,,,,,,,,,,,,,,,,,,,,,,,,,,,,,,,,,,,,,,,,,,,,,,,,,,,,,,,,,,,,,,,,,,,
244,3R,32,nein,,,Almandine,"FRA1, Les Collobrieres",Flank Method,A. Woodland,36.29,0.02,20.17,,,,41.95,,0.58,0.05,0.94,,,,,,,,,,,,,,,,,,,,,,,,,,,,,,,,,,,,,,,,,,,,,,,,,,,,,,,,,,,,,,,,,,,,,,,,,,,,,,,,,,,,,,,,,,,,,,,,,,,,,,,,,,,,100.00,,,,,,,,,,,,,,,,,,,
245,3R,33,ja,Y1,,Augit,,Flank Method,"Von Theo Ntaflos, kein Paper",,,,,,,,,,,,,,,,,,,,,,,,,,,,,,,,,,,,,,,,,,,,,,,,,,,,,,,,,,,,,,,,,,,,,,,,,,,,,,,,,,,,,,,,,,,,,,,,,,,,,,,,,,,,,,,,,,,,,,,,,,,,,,,,,,,,,,,,,,
246,3R,34,nein,,,Zirkon,91500,"Nancy, vergossen, Block 3",Wiedenbeck et al. 1995,32.27,,,,,,,,,,,,,,,,,0.05,,,,,,,,,0.29,62.87,,,,,,,,,,,,,,,,,,,,,,0.659,,,,,,,,,,,,,,,,,,,,,,,,,,,,,,,,,,,,,,,,,,,,,,,,,,,,,,,,,,,,,,,,,,,,,96.13,,,,,,,,,,,,,,,,,,,
247,3R,35,ja,Z10,CaSiO3,Wollastonite,,,"P&H Developments (Tim Hopkins), STDB 8",50.96,0.01,,,,0.22,,,0.01,0.63,47.48,0.01,,,,,,,,,,,,,,,,,,,,,,,,,,,,,,,,,,,,,,,,,,,,,,,,,,,,,,,,,,,,,,,,,,,,,,,,,,,,,,,,,,,,,,,,,,,,,,,,,,,,,,,,,,,99.32,,,,,,,,,,,,,,,,,,,
248,3R,36,ja,E3,,Glass,5% Th in glass,,"P&H Developments (Tim Hopkins), STDB 9",58.29,,13.98,,,,,,,,22.05,,,,,,,,,,,,,,,,,,,,,,,,,,,,,,,,,,,,,,,,,5.9,,,,,,,,,,,,,,,,,,,,,,,,,,,,,,,,,,,,,,,,,,,,,,,,,,,,,,,,,,,,,,,,,,,100.22,,,,,,,,,,,,,,,,,,,
249,3R,37,ja,D3,,Glass,5% U in glass,,"P&H Developments (Tim Hopkins), STDB 10",58.88,,14.02,,,,,,,,22.48,,,,,,,,,,,,,,,,,,,,,,,,,,,,,,,,,,,,,,,,,,,4.54,,,,,,,,,,,,,,,,,,,,,,,,,,,,,,,,,,,,,,,,,,,,,,,,,,,,,,,,,,,,,,,,,99.92,,,,,,,,,,,,,,,,,,,
250,3R,38,nein,,Cr2O3,,,vergossen in Block 4,"P&H Developments (Tim Hopkins), STDB 3",,,,100.00,,,,,,,,,,,,,,,,,,,,,,,,,,,,,,,,,,,,,,,,,,,,,,,,,,,,,,,,,,,,,,,,,,,,,,,,,,,,,,,,,,,,,,,,,,,,,,,,,,,,,,,,,,,,,,,,,,,100.00,,,,,,,,,,,,,,,,,,,
251,3R,39,nein,,PbS,,,,"P&H Developments (Tim Hopkins), STDB 11",,,,,,,,,,,,,,,,,,,,,,,,,,,,,,,,,,,,,,,,,,,,,,,,,,,,,,,,,,,,,,,,,,,13.40,,,,,,,,,,,,,,,,,,,,,,,,,,,,,,,,,,,,,,,,,,,,,86.60,,,,,,,100.00,,,,,,,,,,,,,,,,,,,
252,3R,40,nein,,HgS,Zinnober,"Idra no, 1924 ",Min.-Sammlung ,in House STD,,,,,,,,,,,,,,,,,,,,,,,,,,,,,,,,,,,,,,,,,,,,,,,,,,,,,,,,,,,,,,,,,,,13.78,,,,,,,,,,,,,,,,,,,,,,,,,,,,,,,,,,,,,,,,,,86.22,,,,,,,,,,100.00,,,,,,,,,,,,,,,,,,,
253,3R,41,ja,C3,,Glass,BCR-2G glass,,USGS Basaltglas,93.92,1.3005,,0.0017,,,,,2.098,0.1463,,2.363,,,,,,,,,,,,,,,,,,,,,,,,,,,,,,,,,,,,,,,,,,,,,,,,,,,,,,,,,,,,,0.0153,,,,,,,,,,,,,,,,,,,,,,,,,,,,,,0.0321,,,,,,,,,,,0.0641,0.0425,,,0.0167,100.0002,,,,,,,,,,,,,,,,,,,
254,3R,42,ja, B3,,Glass,BHVO-2G 3.,,USGS Basaltglas,91.96,1.561,,0.0285,,,,,4.2682,0.1345,,1.7672,,,,,,,,,,,,,,,,,,,,,,,,,,,,,,,,,,,,,,,,,,,,,,,,,,0.0112,,,,,,,,,,0.0142,0.0107,,,,,,,,,,,,,,,,,,,,,,,,,,,,,,0.0382,,,,,,,,,,,0.0128,0.0329,,,0.16,99.9994,,,,,,,,,,,,,,,,,,,
255,3R,43,ja,C4,,,NKT-1G745,,USGS,,,,,,,,,,,,,,,,,,,,,,,,,,,,,,,,,,,,,,,,,,,,,,,,,,,,,,,,,,,,,,,,,,,,,,,,,,,,,,,,,,,,,,,,,,,,,,,,,,,,,,,,,,,,,,,,,,,,,,,,,,,,,,,,,,,,,,,,,,
256,3R,44,nein,,,Glass,USGS GP-3,,USGS,,,,,,,,,,,,,,,,,,,,,,,,,,,,,,,,,,,,,,,,,,,,,,,,,,,,,,,,,,,,,,,,,,,,,,,,,,,,,,,,,,,,,,,,,,,,,,,,,,,,,,,,,,,,,,,,,,,,,,,,,,,,,,,,,,,,,,,,,,
257,3R,45,nein,,PbCrO4,,,,unbekannt,,,,30.93,,,,,,,,,,,,,,,,,,,,,,,,,,,,,,,,,,,,,,,,,,,,,,,69.07,,,,,,,,,,,,,,,,,,,,,,,,,,,,,,,,,,,,,,,,,,,,,,,,,,,,,,,,,,,,,,,,,,,,100.00,,,,,,,,,,,,,,,,,,,
258,3R,46,nein,,ThO2,,,,unbekannt,,,,,,,,,,,,,,,,,,,,,,,,,,,,,,,,,,,,,,,,,,,,,,,,,,,,100.00,,,,,,,,,,,,,,,,,,,,,,,,,,,,,,,,,,,,,,,,,,,,,,,,,,,,,,,,,,,,,,,,,,,100.00,,,,,,,,,,,,,,,,,,,
259,3R,47,ja,I3,UO2,,,,unbekannt,,,,,,,,,,,,,,,,,,,,,,,,,,,,,,,,,,,,,,,,,,,,,,,,,,,,,100.00,,,,,,,,,,,,,,,,,,,,,,,,,,,,,,,,,,,,,,,,,,,,,,,,,,,,,,,,,,,,,,,,,,100.00,,,,,,,,,,,,,,,,,,,
260,3R,48,ja,J3,,Monazite ,Moacyr,,Armin Zeh,,,,,,,,,,,,,,,,,,,,,,,,,,,,,,,,,,,,,,,,,,,,,,,,,,,,,,,,,,,,,,,,,,,,,,,,,,,,,,,,,,,,,,,,,,,,,,,,,,,,,,,,,,,,,,,,,,,,,,,,,,,,,,,,,,,,,,,,,,
261,3R,49,nein,,,Monazite,Ma1h,,Armin Zeh,,,,,,,,,,,,,,,,,,,,,,,,,,,,,,,,,,,,,,,,,,,,,,,,,,,,,,,,,,,,,,,,,,,,,,,,,,,,,,,,,,,,,,,,,,,,,,,,,,,,,,,,,,,,,,,,,,,,,,,,,,,,,,,,,,,,,,,,,,
262,3R,50,ja,B4,,Glass,NIST 610,,NIST,69.06,,1.92,,,,,,,,11.39,13.76,,,,,,,,,,,,,,,,,,,,,,,,,,,,,,,,,,,,,,,,,,,,,,,,,,,,,,,,,,,,,,,,,,,,,,,,,,,,,,,,,,,,,,,,,,,,,,,,,,,,,,,,,,,96.12,,,,,,,,,,,,,,,,,,,
263,3R,51,ja,S9,,Pyrop,Kakanui,Flank Method,"Jarosewich Standard, Smithsonian, USNM 143968",41.46,0.47,23.73,,,,10.68,,18.51,0.28,5.17,,,,,,,,,,,,,,,,,,,,,,,,,,,,,,,,,,,,,,,,,,,,,,,,,,,,,,,,,,,,,,,,,,,,,,,,,,,,,,,,,,,,,,,,,,,,,,,,,,,,,,,,,,,,100.3,,,,,,,,,,,,,,,,,,,
264,3R,52,ja,D10,Al,Metall,,Probe aus der Physik,,,,,,,,,,,,,,,,,,,,,,,,,,,,,,,,,,,,,,,,,,,,,,,,,,,,,,,,,,,,,,,,,,,,,,,,,,,,,,,,,,,,,,,,,,,100.00,,,,,,,,,,,,,,,,,,,,,,,,,,,,,100.00,,,,,,,,,,,,,,,,,,,
265,3R,53,ja,S10 ,,Almandin,"FRA1, Les Collobrieres",Flank Method,A. Woodland,36.29,0.02,20.17,,,,41.95,,0.58,0.05,0.94,,,,,,,,,,,,,,,,,,,,,,,,,,,,,,,,,,,,,,,,,,,,,,,,,,,,,,,,,,,,,,,,,,,,,,,,,,,,,,,,,,,,,,,,,,,,,,,,,,,,,,,,,,,,100.00,,,,,,,,,,,,,,,,,,,
266,3R,54,ja,T10,,Andradit ,"aus Sibirien, kein Fe2+",Flank Method,in house STD,35.41,,0.55,,,,30.51,,0.13,1.13,32.45,,,,,,,,,,,,,,,,,,,,,,,,,,,,,,,,,,,,,,,,,,,,,,,,,,,,,,,,,,,,,,,,,,,,,,,,,,,,,,,,,,,,,,,,,,,,,,,,,,,,,,,,,,,,100.18,,,,,,,,,,,,,,,,,,,
267,3R,55,nein,,Fe,Metall,,"RFA Standard, Flank Method ",in House STD,,,,,,,,,,,,,,,,,,,,,,,,,,,,,,,,,,,,,,,,,,,,,,,,,,,,,,,,,99.998,,,,,,,,,,,,,,,,,,,,,,,,,,,,,,,,,,,,,,,,,,,,,,,,,,,,,,,,,,,,,,99.998,,,,,,,,,,,,,,,,,,,
268,3R,56,ja,C10,Co,Metall,,,P&H Developments (Tim Hopkins),,,,,,,,,,,,,,,,,,,,,,,,,,,,,,,,,,,,,,,,,,,,,,,,,,,,,,,,,,,,,,,,,,,,,,,100.00,,,,,,,,,,,,,,,,,,,,,,,,,,,,,,,,,,,,,,,,,,,,,,,,100.00,,,,,,,,,,,,,,,,,,,
269,3R,56,nein,,Co,Metall,,,P&H Developments (Tim Hopkins),,,,,,,,,,,,,,,,,,,,,,,,,,,,,,,,,,,,,,,,,,,,,,,,,,,,,,,,,,,,,,,,,,,,,,,100.00,,,,,,,,,,,,,,,,,,,,,,,,,,,,,,,,,,,,,,,,,,,,,,,,100.00,,,,,,,,,,,,,,,,,,,
270,3R,58,ja,A8,,Turmalin,SY309,,"Marschall et al. 2004, Marschall et al. 2006",,,,,,3.98,5.5,,6.17,,10.9,8.14,0.01,,,,,,,,,,,,,,,,,,,,,,,,,,,,,,,,,,,,,,,,,,,,,,,,,,,,,,,,,,,,,,,,,,,,,,,,,,,,,,,,,,,,,,,,,,,,,,,,,,,,,,,,,,100.77,,,,,,,,,,,,,,,,,,,
271,3R,59,ja,C5,,Spinel,KLB8315,,Wood & Virgo 1998,0.04,0.11,58.61,8.97,,,10.34,0.38,20.72,0.09,,,,,,,,,,,,,,,,,,,,,,,,,,,,,,,,,,,,,,,,,,,,,,,,,,,,,,,,,,,,,,,,,,,,,,,,,,,,,,,,,,,,,,,,,,,,,,,,,,,,,,,,,,,,,99.26,,,,,,,,,,,,,,,,,,,
272,3R,60,ja,B5,,Spinel,KLB8316,,Wood & Virgo 1998,0.11,0.54,33.68,32.6,,,14.97,0.28,16.94,0.22,,,,,,,,,,,,,,,,,,,,,,,,,,,,,,,,,,,,,,,,,,,,,,,,,,,,,,,,,,,,,,,,,,,,,,,,,,,,,,,,,,,,,,,,,,,,,,,,,,,,,,,,,,,,,99.34,,,,,,,,,,,,,,,,,,,
273,3R,61,ja,A5,,Spinel,KLB8311,,Wood & Virgo 1998,0.08,0.05,25.85,42.98,,,14.6,0.14,16.00,0.16,,,,,,,,,,,,,,,,,,,,,,,,,,,,,,,,,,,,,,,,,,,,,,,,,,,,,,,,,,,,,,,,,,,,,,,,,,,,,,,,,,,,,,,,,,,,,,,,,,,,,,,,,,,,,99.86,,,,,,,,,,,,,,,,,,,
274,3R,62,ja,C6,,Spinel,KLB8305,,Wood & Virgo 1998,0.04,0.08,57.04,9.80,,,10.75,0.44,21.41,0.10,,,,,,,,,,,,,,,,,,,,,,,,,,,,,,,,,,,,,,,,,,,,,,,,,,,,,,,,,,,,,,,,,,,,,,,,,,,,,,,,,,,,,,,,,,,,,,,,,,,,,,,,,,,,,99.66,,,,,,,,,,,,,,,,,,,
275,3R,63,ja,B6,,Spinel,MBR8309,,Wood & Virgo 1998,0.08,0.14,52.43,13.10,,,11.79,0.30,20.52,0.10,,,,,,,,,,,,,,,,,,,,,,,,,,,,,,,,,,,,,,,,,,,,,,,,,,,,,,,,,,,,,,,,,,,,,,,,,,,,,,,,,,,,,,,,,,,,,,,,,,,,,,,,,,,,,98.46,,,,,,,,,,,,,,,,,,,
276,3R,64,ja,A6,,Spinel,Mo-4334-14,,Wood & Virgo 1998,0.11,0.22,64.36,3.76,,,10.71,0.49,20.39,0.11,,,,,,,,,,,,,,,,,,,,,,,,,,,,,,,,,,,,,,,,,,,,,,,,,,,,,,,,,,,,,,,,,,,,,,,,,,,,,,,,,,,,,,,,,,,,,,,,,,,,,,,,,,,,,100.15,,,,,,,,,,,,,,,,,,,
277,3R,65,ja,S4,Fe,,,"Flank Method, RFA Standard",in house STD,,,,,,,,,,,,,,,,,,,,,,,,,,,,,,,,,,,,,,,,,,,,,,,,,,,,,,,,,99.998,,,,,,,,,,,,,,,,,,,,,,,,,,,,,,,,,,,,,,,,,,,,,,,,,,,,,,,,,,,,,,99.998,,,,,,,,,,,,,,,,,,,
278,3R,66,ja,B10,Pb,Metall,,RFA Standard ,in house STD,,,,,,,,,,,,,,,,,,,,,,,,,,,,,,,,,,,,,,,,,,,,,,,,,,,,,,,,,,,,,,,,,,,,,,,,,,,,,,,,,,,,,,,,,,,,,,,,,,,,,,,,,,,,,,,,99.9999,,,,,,,99.9999,,,,,,,,,,,,,,,,,,,
279,3R,67,ja,A10,Sn,Metall,,RFA Standard ,in house STD,,,,,,,,,,,,,,,,,,,,,,,,,,,,,,,,,,,,,,,,,,,,,,,,,,,,,,,,,,,,,,,,,,,,,,,,,,,,,,,,,,,,,,,,,,,,,,,,99.998,,,,,,,,,,,,,,,,,,,,,,,99.998,,,,,,,,,,,,,,,,,,,
280,3R,68,ja,C7,,Rutile,sy Rt (synthetic),,"Luvizotto et al. 2008, T. Zack et al. 2001",,100.00,,,,,,,,,,,,,,,,,,,,,,,,,,,,,,,,,,,,,,,,,,,,,,,,,,,,,,,,,,,,,,,,,,,,,,,,,,,,,,,,,,,,,,,,,,,,,,,,,,,,,,,,,,,,,,,,,,,,,100.00,,,,,,,,,,,,,,,,,,,
281,3R,69,ja,B7,,Rutile,R10b,"EPMA-Göttingen, ","Luvizotto et al. 2008, T. Zack et al. 2001",,99.1,,,,,,,,,,,,,,,,,,,,,,,,,,,,,,,,,,,,,,,,,,,,,,,,,,,,,,,0.424,,,,,,,,,,,,,,,,,,,,0.0716,,,,0.2864,,,,,,,,,,,,,,,,,,,,,,,,,,,,,,,,,,,,,0.0811,99.9631,,,,,,,,,,,,,,,,,,,
282,3R,70,ja,A7,,Rutile,R13,,Thomas Zack persönliche Auskunft,,,,,,,,,,,,,,,,,,,,,,,,,,,,,,,,,,,,,,,,,,,,,,,,,,,,,,,,,,,,,,,,,,,,,,,,,,,,,,,,,,,,,,,,,,,,,,,,,,,,,,,,,,,,,,,,,,,,,,,,,,,,,,,,,,,,,,,,,,
283,3R,71,ja,C2,,Olivine,SC/KA bzw SC1,,Köhler and Brey 1990 ,40.42,,,,,,9.58,0.32,48.99,,,,,,,,,,,,,,,,,,,,,,,,,,,,,,,,,,,,,,,,,,,,,,,,,,,,,,,,,,,,,,,,,,,,,,,,,,,,,,,,,,,,,,,,,,,,,,,,,,,,,,,,,,,,,,99.31,,,,,,,,,,,,,,,,,,,
284,3R,72,ja,B2,,Olivine,MongOL Sh11-2,,Batanova et al. 2015,40.74,0.006,0.046,0.018,,,10.17,0.359,48.79,0.144,0.096,0.017,,,,,,0.015,,,,0.018,0.007,,,,,,,,,,,,,,,,,,,,,,,,,,,,,,,,,,,,,,,,,,,,,,,,,,,,,,,,,,,,,,,,,,,,,,,,,,,,,,,,,,,,,,,,,,,,,,,,100.493,,,,,,,,,,,,,,,,,,,
285,3R,73,ja,Y3,,Garnet ,BH grt,Flank Method,Jannes (Binck) König Masterarbeit ,41.68,0.61,21.21,2.08,,0.90,7.35,0.03,20.57,0.30,4.5,0.08,,,,,,,,,,,,,,,,,,,,,,,,,,,,,,,,,,,,,,,,,,,,,,,,,,,,,,,,,,,,,,,,,,,,,,,,,,,,,,,,,,,,,,,,,,,,,,,,,,,,,,,,,,,99.27,,,,,,,,,,,,,,,,,,,
286,3R,74,ja,Z3,,Garnet ,GM grt ,Flank Method,Jannes (Binck) König Masterarbeit ,39.19,0.06,22.74,0.04,,0.75,23.82,0.01,9.91,0.65,3.96,0.03,0.02,,,,,0.07,,,,,,,,,,,,,,,,,,,,,,,,,,,,,,,,,,,,,,,,,,,,,,,,,,,,,,,,,,,,,,,,,,,,,,,,,,,,,,,,,,,,,,,,,,,,,,,,,,,,,101.10,,,,,,,,,,,,,,,,,,,
287,3R,75,ja,Q3,,Garnet ,UA5,Flank Method,in house Standards (Stachel/Creighton),41.37,0.71,19.29,4.33,,,8.19,0.01,19.96,0.32,5.22,0.06,0.001,,,,,0.03,,,,,,,,,,,,,,,,,,,,,,,,,,,,,,,,,,,,,,,,,,,,,,,,,,,,,,,,,,,,,,,,,,,,,,,,,,,,,,,,,,,,,,,,,,,,,,,,,,,,,99.5,,,,,,,,,,,,,,,,,,,
288,3R,76,ja,R3,,Garnet ,UA10,Flank Method,in house Standards (Stachel/Creighton),41.5,0.06,20.2,4.92,,,7.72,0.01,19.91,0.4,4.99,0.29,0.001,,,,,0.03,,,,,,,,,,,,,,,,,,,,,,,,,,,,,,,,,,,,,,,,,,,,,,,,,,,,,,,,,,,,,,,,,,,,,,,,,,,,,,,,,,,,,,,,,,,,,,,,,,,,,99.78,,,,,,,,,,,,,,,,,,,
289,3R,77,ja,S3,,Garnet ,UA17,Flank Method,in house Standards (Stachel/Creighton),41.1,0.02,18.93,6.7,,,7.88,0.01,19.99,0.48,4.18,0.2,0.001,,,,,0.01,,,,,,,,,,,,,,,,,,,,,,,,,,,,,,,,,,,,,,,,,,,,,,,,,,,,,,,,,,,,,,,,,,,,,,,,,,,,,,,,,,,,,,,,,,,,,,,,,,,,,99.5,,,,,,,,,,,,,,,,,,,
290,3R,78,ja,T3,,Garnet ,Damknolle,Flank Method,Rankenburg et al. 2004,39.73,0.36,22.56,0.01,,0.77,18.65,,10.73,0.55,7.31,0.06,,,,,,,,,,,,,,,,,,,,,,,,,,,,,,,,,,,,,,,,,,,,,,,,,,,,,,,,,,,,,,,,,,,,,,,,,,,,,,,,,,,,,,,,,,,,,,,,,,,,,,,,,,,100.25,,,,,,,,,,,,,,,,,,,
291,3R,79,ja,T1,,Garnet ,UA13,Flank Method,in house Standards (Stachel/Creighton),,,,,,,,,,,,,,,,,,,,,,,,,,,,,,,,,,,,,,,,,,,,,,,,,,,,,,,,,,,,,,,,,,,,,,,,,,,,,,,,,,,,,,,,,,,,,,,,,,,,,,,,,,,,,,,,,,,,,,,,,,,,,,,,,,,,,,,,,,
292,3R,80,ja,R10,,Garnet ,Alm_O,Flank Method,"McGuire, Smithsonian, NMNH 112140",22.61,4.69,18.9,7.02,,7.82,22.11,,7.36,4.02,3.57,2.42,,,,,,,,,,,,,,,,,,,,,,,,,,,,,,,,,,,,,,,,,,,,,,,,,,,,,,,,,,,,,,,,,,,,,,,,,,,,,,,,,,,,,,,,,,,,,,,,,,,,,,,,,,,100.52,,,,,,,,,,,,,,,,,,,
293,3R,81,ja,X2,,Garnet ,HE_1,Flank Method,Darby Dyar et al. 2012,39.34,0.07,22.48,0.21,,21.4,,,11.29,0.46,5.25,0.01,,,,,,,,,,,,,,,,,,,,,,,,,,,,,,,,,,,,,,,,,,,,,,,,,,,,,,,,,,,,,,,,,,,,,,,,,,,,,,,,,,,,,,,,,,,,,,,,,,,,,,,,,,,100.61,,,,,,,,,,,,,,,,,,,
294,3R,82,ja,Y2,,Garnet ,AND1,Flank Method,Darby Dyar,35.41,,0.55,,,30.51,,,0.13,1.13,32.45,,,,,,,,,,,,,,,,,,,,,,,,,,,,,,,,,,,,,,,,,,,,,,,,,,,,,,,,,,,,,,,,,,,,,,,,,,,,,,,,,,,,,,,,,,,,,,,,,,,,,,,,,,,,100.21,,,,,,,,,,,,,,,,,,,
295,3R,83,ja,Z2,,Garnet ,grt Diavik,Flank Method,Greg Yaxley pers. com. ,,,,,,,,,,,,,,,,,,,,,,,,,,,,,,,,,,,,,,,,,,,,,,,,,,,,,,,,,,,,,,,,,,,,,,,,,,,,,,,,,,,,,,,,,,,,,,,,,,,,,,,,,,,,,,,,,,,,,,,,,,,,,,,,,,,,,,,,,,
296,3R,84,ja,A9,Mo,,Mo-Blende TEM; halbiert und gefaltet,metall,in house STD,,,,,,,,,,,,,,,,,,,,,,,,,,,,,,,,,,,,,,,,,,,,,,,,,,,,,,,,,,,,,,,,,,,,,,,,,,,,,,,,,,,,,,,,,,,,,,,100.00,,,,,,,,,,,,,,,,,,,,,,,,100.00,,,,,,,,,,,,,,,,,,,
297,3R,85,nein,,,Sidert,,,"Jarosewich Standard, Smithsonian, USNM R-2460",,,,,,,59.08,,,2.95,,,,,,,37.88,,,,,,,,,,,,,,,,,,,,,,,,,,,,,,,,,,,,,,,,,,,,,,,,,,,,,,,,,,,,,,,,,,,,,,,,,,,,,,,,,,,,,,,,,,,,,,,,,,,,,,99.91,,,,,,,,,,,,,,,,,,,
298,3R,86,ja,B8,LaF3,,,stöchiometrisch berechnet,Geohysical Lab (receive 2018),,,,,,,,,,,,,,,,,,,,,,,,,,,,,,,,,,,,,,,,,,,,,,,,,,,,,,,,,,,,,,,,,29.09,,,,,,,,,,,,,,,,,,,,,,,,,,,,,,,,,,,,,,,,,,,,,70.9,,,,,,,,,99.99,,,,,,,,,,,,,,,,,,,
299,3R,87,ja,U3,,Garnet ,Mir1,Flank Method,Rankenburg et al. 2004,41.72,0.4,23.65,0.01,,,11.06,,17.54,0.35,5.52,0.03,,,,,,,,,,,,,,,,,,,,,,,,,,,,,,,,,,,,,,,,,,,,,,,,,,,,,,,,,,,,,,,,,,,,,,,,,,,,,,,,,,,,,,,,,,,,,,,,,,,,,,,,,,,100.30,,,,,,,,,,,,,,,,,,,
300,3R,88,ja,T2,,Garnet ,Mir13,Flank Method,Rankenburg et al. 2004,40.73,0.47,23.3,,,0.87,12.88,,15.74,0.38,6.02,0.03,,,,,,,,,,,,,,,,,,,,,,,,,,,,,,,,,,,,,,,,,,,,,,,,,,,,,,,,,,,,,,,,,,,,,,,,,,,,,,,,,,,,,,,,,,,,,,,,,,,,,,,,,,,100.45,,,,,,,,,,,,,,,,,,,
301,3R,89,ja,U2,,Garnet ,Mir2,Flank Method,Rankenburg et al. 2004,41.23,0.4,23.39,,,0.1,12.76,0.01,16.28,0.37,5.76,0.03,,,,,,,,,,,,,,,,,,,,,,,,,,,,,,,,,,,,,,,,,,,,,,,,,,,,,,,,,,,,,,,,,,,,,,,,,,,,,,,,,,,,,,,,,,,,,,,,,,,,,,,,,,,100.34,,,,,,,,,,,,,,,,,,,
302,3R,90,ja,V2,,Garnet ,Mir23,Flank Method,Rankenburg et al. 2004,41.19,0.42,23.63,0.01,,0.64,10.05,0.01,18.12,0.34,5.38,0.03,,,,,,,,,,,,,,,,,,,,,,,,,,,,,,,,,,,,,,,,,,,,,,,,,,,,,,,,,,,,,,,,,,,,,,,,,,,,,,,,,,,,,,,,,,,,,,,,,,,,,,,,,,,99.84,,,,,,,,,,,,,,,,,,,
303,3R,91,ja,W2,,Garnet ,KerGB,Flank Method,Rankenburg et al. 2004,41.65,0.38,23.64,0.1,,0.13,10.04,0.01,18.57,0.32,5.15,0.03,,,,,,,,,,,,,,,,,,,,,,,,,,,,,,,,,,,,,,,,,,,,,,,,,,,,,,,,,,,,,,,,,,,,,,,,,,,,,,,,,,,,,,,,,,,,,,,,,,,,,,,,,,,100.05,,,,,,,,,,,,,,,,,,,
304,3R,92,ja,L3,,Diopside,,,"Jarosewich Standard, Smithsonian, NMNH 117733",54.87,,0.11,,,,0.24,,18.3,0.04,25.63,0.34,,,,,,,,,,,,,,,,,,,,,,,,,,,,,,,,,,,,,,,,,,,,,,,,,,,,,,,,,,,,,,,,,,,,,,,,,,,,,,,,,,,,,,,,,,,,,,,,,,,,,,,,,,,99.53,,,,,,,,,,,,,,,,,,,
305,3R,93,nein,,Cr2O3,,,,"P&H Developments (Tim Hopkins), STDB 3",,,,100.00,,,,,,,,,,,,,,,,,,,,,,,,,,,,,,,,,,,,,,,,,,,,,,,,,,,,,,,,,,,,,,,,,,,,,,,,,,,,,,,,,,,,,,,,,,,,,,,,,,,,,,,,,,,,,,,,,,,100.00,,,,,,,,,,,,,,,,,,,
306,3R,94,ja,Z4,,Skiagit,"N-125, Novosibirsk",Flank Method,"in house Standard, Alex Doroshev",,,,,,,,,,,,,,,,,,,,,,,,,,,,,,,,,,,,,,,,,,,,,,,,,,,,,,,,,,,,,,,,,,,,,,,,,,,,,,,,,,,,,,,,,,,,,,,,,,,,,,,,,,,,,,,,,,,,,,,,,,,,,,,,,,,,,,,,,,
307,3R,95,ja,D4,,Pyrope,Glass,stöchiometrisch berechnet,Geohysical Lab (receive 2018),44.71,,25.29,,,,,,30.000,,,,,,,,,,,,,,,,,,,,,,,,,,,,,,,,,,,,,,,,,,,,,,,,,,,,,,,,,,,,,,,,,,,,,,,,,,,,,,,,,,,,,,,,,,,,,,,,,,,,,,,,,,,,,,100.00,,,,,,,,,,,,,,,,,,,
308,3R,96,ja,K3,SrTiO3,,,,"P&H Developments (Tim Hopkins), STDB 6",,43.53,,,,,,,,,,,,,,,,,,,,,,,,56.47,,,,,,,,,,,,,,,,,,,,,,,,,,,,,,,,,,,,,,,,,,,,,,,,,,,,,,,,,,,,,,,,,,,,,,,,,,,,,,,,,,,,,,,,,,,,,100.00,,,,,,,,,,,,,,,,,,,
309,3R,97,ja,K4,ZnO,,,,"P&H Developments (Tim Hopkins), STDB 7",,,,,,,,,,,,,,,,,,,,,,,99.9,,,,,,,,,,,,,,,,,,,,,,,,,,,,,,,,,,,,,,,,,,,,,,,,,,,,,,,,,,,,,,,,,,,,,,,,,,,,,,,,,,,,,,,,,,,,,,,,99.90,,,,,,,,,,,,,,,,,,,
310,3R,98,ja,J2,NiO,,,,"P&H Developments (Tim Hopkins), STDB 5",,,,,,,,99.999,,,,,,,,,,,,,,,,,,,,,,,,,,,,,,,,,,,,,,,,,,,,,,,,,,,,,,,,,,,,,,,,,,,,,,,,,,,,,,,,,,,,,,,,,,,,,,,,,,,,,,,,,,,,,,,99.999,,,,,,,,,,,,,,,,,,,
311,3R,99,ja,K10,MnTiO3,,,,"P&H Developments (Tim Hopkins), STDB 4",,52.00,,,,,,,,47.04,,,,,,,,,,,,,,,,,,,,,,,,,,,,,,,,,,,,,,,,,,,,,,,,,,,,,,,,,,,,,,,,,,,,,,,,,,,,,,,,,,,,,,,,,,,,,,,,,,,,,,,,,,,,,99.04,,,,,,,,,,,,,,,,,,,
312,3R,100,ja,C9,Au,Metall,,,Chris Bendall-Probe (Dr. Arbeit); Zusammensetzung unbekannt,,,,,,,,,,,,,,,,,,,,,,,,,,,,,,,,,,,,,,,,,,,,,,,,,,,,,,,,,,,,,,,,,,,,,,,,,,,,,,,,,,,,,,,,,,,,,,,,,,,,,,,,,,,,,,,,,,,,,,,,,,,,,,,,,,,,,,,,,,
313,3R,101,ja,A4,,Spinel,C1,,Klaus Blum (Dr. Arbeit),5.01,4.95,34.73,9.27,,,10.89,,14.58,2.45,2.47,2.39,,,,,,,,,4.9,2.4,2.7,,,,,,,,,,,,,,,,,,,,,,,,,,,,,,,,,,,,,,,,,,,,,,,,,,,,,,,,,,,,,,,,,,,,,,,,,,,,,,,,,,,,,,,,,,,,,,,,96.74,,,,,,,,,,,,,,,,,,,
314,3R,102,ja,K9,,Anorthoklas,Kakanui,,"Jarosewich Standard, Smithsonian, NMNH 133868",66.44,,20.12,,,,0.2,,,,0.87,9.31,2.35,,,,,,,,,,,,,,,,,,,,,,,,,,,,,,,,,,,,,,,,,,,,,,,,,,,,,,,,,,,,,,,,,,,,,,,,,,,,,,,,,,,,,,,,,,,,,,,,,,,,,,,,,,99.29,,,,,,,,,,,,,,,,,,,
315,3R,103,ja,L10,,Albite,,,"P&H Developments (Tim Hopkins), STDB 12",44.656,,28.382,,,,,,,,6.178,14.638,6.188,,,,,,,,,,,,,,,,,,,,,,,,,,,,,,,,,,,,,,,,,,,,,,,,,,,,,,,,,,,,,,,,,,,,,,,,,,,,,,,,,,,,,,,,,,,,,,,,,,,,,,,,,,100.042,,,,,,,,,,,,,,,,,,,
316,3R,104,ja,D1,SiO2,,inverser Opal; mit Pt-besputtert; mit Leuchtstoff Y.85Eu.151VO4,,in house STD,97.99,,,,,,,,,,,,,,,,,,,,1,,,,,,0.85,,,,,,,,,,,,,,0.151,,,,,,,,,,,,,,,,,,,,,,,,,,,,,,,,,,,,,,,,,,,,,,,,,,,,,,,,,,,,,,,,,,,,,,,,,,,,,,100.00,,,,,,,,,,,,,,,,,,,
317,3R,105,ja,C8,,,LiF Spektrometerkristall,stöchiometrisch berechnet,in house STD,,,,,,,,,,,,,,,,,,,,,,,,,,,,,,,,,,,,,,,,,,,,,,,,,,,,,,,,,,,,,,,,,73.17,26.83,,,,,,,,,,,,,,,,,,,,,,,,,,,,,,,,,,,,,,,,,,,,,,,,,,,,,100.00,,,,,,,,,,,,,,,,,,,
318,3R,106,nein,,,,,,,,,,,,,,,,,,,,,,,,,,,,,,,,,,,,,,,,,,,,,,,,,,,,,,,,,,,,,,,,,,,,,,,,,,,,,,,,,,,,,,,,,,,,,,,,,,,,,,,,,,,,,,,,,,,,,,,,,,,,,,,,,,,,,,,,,,,,,,,,
319,3R,107,nein,,,,,,,,,,,,,,,,,,,,,,,,,,,,,,,,,,,,,,,,,,,,,,,,,,,,,,,,,,,,,,,,,,,,,,,,,,,,,,,,,,,,,,,,,,,,,,,,,,,,,,,,,,,,,,,,,,,,,,,,,,,,,,,,,,,,,,,,,,,,,,,,
320,3R,108,nein,,,,,,,,,,,,,,,,,,,,,,,,,,,,,,,,,,,,,,,,,,,,,,,,,,,,,,,,,,,,,,,,,,,,,,,,,,,,,,,,,,,,,,,,,,,,,,,,,,,,,,,,,,,,,,,,,,,,,,,,,,,,,,,,,,,,,,,,,,,,,,,,
321,3R,109,nein,,,,,,,,,,,,,,,,,,,,,,,,,,,,,,,,,,,,,,,,,,,,,,,,,,,,,,,,,,,,,,,,,,,,,,,,,,,,,,,,,,,,,,,,,,,,,,,,,,,,,,,,,,,,,,,,,,,,,,,,,,,,,,,,,,,,,,,,,,,,,,,,
322,3R,110,nein,,,,,,,,,,,,,,,,,,,,,,,,,,,,,,,,,,,,,,,,,,,,,,,,,,,,,,,,,,,,,,,,,,,,,,,,,,,,,,,,,,,,,,,,,,,,,,,,,,,,,,,,,,,,,,,,,,,,,,,,,,,,,,,,,,,,,,,,,,,,,,,,
323,3R,111,nein,,,,,,,,,,,,,,,,,,,,,,,,,,,,,,,,,,,,,,,,,,,,,,,,,,,,,,,,,,,,,,,,,,,,,,,,,,,,,,,,,,,,,,,,,,,,,,,,,,,,,,,,,,,,,,,,,,,,,,,,,,,,,,,,,,,,,,,,,,,,,,,,
324,3R,112,nein,,,,,,,,,,,,,,,,,,,,,,,,,,,,,,,,,,,,,,,,,,,,,,,,,,,,,,,,,,,,,,,,,,,,,,,,,,,,,,,,,,,,,,,,,,,,,,,,,,,,,,,,,,,,,,,,,,,,,,,,,,,,,,,,,,,,,,,,,,,,,,,,
325,3R,113,nein,,,,,,,,,,,,,,,,,,,,,,,,,,,,,,,,,,,,,,,,,,,,,,,,,,,,,,,,,,,,,,,,,,,,,,,,,,,,,,,,,,,,,,,,,,,,,,,,,,,,,,,,,,,,,,,,,,,,,,,,,,,,,,,,,,,,,,,,,,,,,,,,
326,3R,114,nein,,,,,,,,,,,,,,,,,,,,,,,,,,,,,,,,,,,,,,,,,,,,,,,,,,,,,,,,,,,,,,,,,,,,,,,,,,,,,,,,,,,,,,,,,,,,,,,,,,,,,,,,,,,,,,,,,,,,,,,,,,,,,,,,,,,,,,,,,,,,,,,,
327,3R,115,nein,,,,,,,,,,,,,,,,,,,,,,,,,,,,,,,,,,,,,,,,,,,,,,,,,,,,,,,,,,,,,,,,,,,,,,,,,,,,,,,,,,,,,,,,,,,,,,,,,,,,,,,,,,,,,,,,,,,,,,,,,,,,,,,,,,,,,,,,,,,,,,,,
328,3R,116,nein,,,,,,,,,,,,,,,,,,,,,,,,,,,,,,,,,,,,,,,,,,,,,,,,,,,,,,,,,,,,,,,,,,,,,,,,,,,,,,,,,,,,,,,,,,,,,,,,,,,,,,,,,,,,,,,,,,,,,,,,,,,,,,,,,,,,,,,,,,,,,,,,
329,3R,117,nein,,,,,,,,,,,,,,,,,,,,,,,,,,,,,,,,,,,,,,,,,,,,,,,,,,,,,,,,,,,,,,,,,,,,,,,,,,,,,,,,,,,,,,,,,,,,,,,,,,,,,,,,,,,,,,,,,,,,,,,,,,,,,,,,,,,,,,,,,,,,,,,,
330,3R,118,nein,,,,,,,,,,,,,,,,,,,,,,,,,,,,,,,,,,,,,,,,,,,,,,,,,,,,,,,,,,,,,,,,,,,,,,,,,,,,,,,,,,,,,,,,,,,,,,,,,,,,,,,,,,,,,,,,,,,,,,,,,,,,,,,,,,,,,,,,,,,,,,,,
331,3R,NN,ja,B1,C,Brilliant,in Cu,,,,,,,,,,,,,,,,,,,,,,,,,,,,,,,,,,,,,,,,,,,,,,,,,,,,,,,,,,,,,,,,,,,,,,,,,,,,,,,,,,,,,,,,,,,,,,,,,,,,,,,,,,,,,,,,,,,,,,,,,,,,,,,,,,,,,,,,,,,,
332,3R,NN,ja,C1,,FC,C-Rohr mit Bohrung,,,,,,,,,,,,,,,,,,,,,,,,,,,,,,,,,,,,,,,,,,,,,,,,,,,,,,,,,,,,,,,,,,,,,,,,,,,,,,,,,,,,,,,,,,,,,,,,,,,,,,,,,,,,,,,,,,,,,,,,,,,,,,,,,,,,,,,,,,,,
333,STD_Fe,,nein,,,,Pulver,,Physik ,,,,,,,,,,,,,,,,,,,,,,,,,,,,,,,,,,,,,,,,,,,,,,,,,,,,,,,,,99.95,0.002,,,,,,,,,,,,,,,,,,,,,,,,,,,,,,,,,,,,,,,,,,,,,,,,,,,,,,,,,,,,,99.952,,,,,,,,,,,,,,,,,,,
334,STDmet1,,nein,,Al,,"unbedamoft, Erbsloeh",,Firma Erbsloeh,,,,,,,,,,,,,,,,,,,,,,,,,,,,,,,,,,,,,,,,,,,,,,,,,,,,,,,,,,,,,,,,,,,,,,,,,,,,,,,,,,,,,,,,,,100.00,,,,,,,,,,,,,,,,,,,,,,,,,,,,,100.00,,,,,,,,,,,,,,,,,,,
335,STDmet1,,nein,,AgRM1,,,,AG_Standards,,,,,,,,,,,,,,,,,,,,,,,,,,,,,,,,,,,,,,,,,,,,,,,,,,,,,,,,,,,,,,,,,,,,,,,,0.00302,0.00269,,,,,,,,,,,,,99.96,,,,,,,,,,0.00492,0.00045,,,,,,,,,,,,,,,0.00375,0.00073,,,,,,99.97556,,,,,,,,,,,,,,,,,,,
336,STDmet1,,nein,,AgRM2,,,,AG_Standards,,,,,,,,,,,,,,,,,,,,,,,,,,,,,,,,,,,,,,,,,,,,,,,,,,,,,,,,,,,,,,,,,,,,,,,,0.01105,0.00052,,,,,,,,,,,,,99.94,,,,,,,,,,0.00045,0.00236,,,,,,,,,,,,,,,0.00056,0.00408,,,,,,99.95902,,,,,,,,,,,,,,,,,,,
337,STDmet1,,nein,,AuNA2,,,,Kovacs et al. 2009 ,,,,,,,,,,,,,,,,,,,,,,,,,,,,,,,,,,,,,,,,,,,,,,,,,,,,,,,,,0.0989,,,,,0.1102,0.000396,0.00625,,,,,,,0.0114,0.1062,0.0111,,0.0104,,0.00275,0.119,,,,,,,,5.4,,0.0106,0.0103,,,,,,,0.1114,0.0111,,0.1096,,,,,,0.0106,93.84,,,,,,0.0108,0.011,,,,,,100.001996,,,,,,,,,,,,,,,,,,,
338,STDmet1,,nein,,Ru,,,,Moritz Jansen (Bergbaumuseum),,,,,,,,,,,,,,,,,,,,,,,,,,,,,,,,,,,,,,,,,,,,,,,,,,,,,,,,,,,,,,,,,,,,,,,,,,,,,,,,,,,,,,,100.00,,,,,,,,,,,,,,,,,,,,,,,,,,,,,,,,100.00,,,,,,,,,,,,,,,,,,,
339,3R_vergossen,1,nein,,Fe,,,"RFA Standard, vergossen  ",in house STD,,,,,,,,,,,,,,,,,,,,,,,,,,,,,,,,,,,,,,,,,,,,,,,,,,,,,,,,,99.998,,,,,,,,,,,,,,,,,,,,,,,,,,,,,,,,,,,,,,,,,,,,,,,,,,,,,,,,,,,,,,99.998,,,,,,,,,,,,,,,,,,,
340,3R_vergossen,2,nein,,"FexO x=0,949",,"Wu-20, Synth. ","RFA Standard, vergossen  ",Höfer et al. 2000,,,,,,5.10,94.90,,,,,,,,,,,,,,,,,,,,,,,,,,,,,,,,,,,,,,,,,,,,,,,,,,,,,,,,,,,,,,,,,,,,,,,,,,,,,,,,,,,,,,,,,,,,,,,,,,,,,,,,,,,,,,,,100.00,,,,,,,,,,,,,,,,,,,
341,3R_vergossen,3,nein,,Fe3O4,,,"RFA Standard, vergossen  ","Jarosewich Standard, Smithsonian, USNM 114887",,,,,,67.5,30.2,,,,,,,,,,,,,,,,,,,,,,,,,,,,,,,,,,,,,,,,,,,,,,,,,,,,,,,,,,,,,,,,,,,,,,,,,,,,,,,,,,,,,,,,,,,,,,,,,,,,,,,,,,,,,,,,98.16,,,,,,,,,,,,,,,,,,,
342,3R_vergossen,5,nein,,,Almandine,,"RFA Standard, vergossen  ","McGuire, Smithsonian, USNM 112140",42.24,,12.37,,,,7.69,,31.71,,7.59,,,,,,,,,,,,,,,,,,,,,,,,,,,,,,,,,,,,,,,,,,,,,,,,,,,,,,,,,,,,,,,,,,,,,,,,,,,,,,,,,,,,,,,,,,,,,,,,,,,,,,,,,,,,101.60,,,,,,,,,,,,,,,,,,,
343,3R_vergossen,6,nein,,,Almandine,"A-5, Synth.","RFA Standard, vergossen  ","Geiger et al. 1987, Geiger and Rossman 1994, Geiger and Feenstra 1997",44.71,,25.29,,,,,,29.99,,,,,,,,,,,,,,,,,,,,,,,,,,,,,,,,,,,,,,,,,,,,,,,,,,,,,,,,,,,,,,,,,,,,,,,,,,,,,,,,,,,,,,,,,,,,,,,,,,,,,,,,,,,,,,100.00,,,,,,,,,,,,,,,,,,,
344,3R_vergossen,7,nein,,,Skiagit,"N-125, Synth.","RFA Standard, vergossen  ","in house Standard, Alex Doroshev",,,,,,,,,,,,,,,,,,,,,,,,,,,,,,,,,,,,,,,,,,,,,,,,,,,,,,,,,,,,,,,,,,,,,,,,,,,,,,,,,,,,,,,,,,,,,,,,,,,,,,,,,,,,,,,,,,,,,,,,,,,,,,,,,,,,,,,,,,
345,3R_vergossen,18,nein,,,Apatite,,"RFA Standard, vergossen  ","Jarosewich Standard, Smithsonian, USNM 104021",0.34,,0.07,,,0.06,,,0.01,0.01,54.02,0.23,0.01,0.01,,,,40.78,,,,,,,,,,,,,,,,,,,,,,,,,,,,,,,,,,,,,,,,,,,,,,,,,,,,,,,,,,,,,,,,,,,,,,,,,,,,,,,,,,,,,,,,,,,,,,,,,,,,,99.94,,,,,,,,,,,,,,,,,,,
346,3R_vergossen,19,nein,,,Scapolite,,"RFA Standard, vergossen  ","Jarosewich Standard, Smithsonian, USNM R-6600",49.78,,25.05,,,,0.17,,,,13.58,5.2,0.94,0.21,,,,,,,,,,,,,,,,,,,,,,,,,,,,,,,,,,,,,,,,,,,,,,,,,,,,,,,,,,,,,,,,,,,,,,,,,,,,,,,,,,,,,,,,,,,,,,,,,,,,,,,,,99.86,,,,,,,,,,,,,,,,,,,
347,3R_vergossen,22,nein,,,Siderit,,"RFA Standard, vergossen  ","Jarosewich Standard, Smithsonian, USNM R-2460",,,,,,,59.08,,,2.95,,,,,,,37.88,,,,,,,,,,,,,,,,,,,,,,,,,,,,,,,,,,,,,,,,,,,,,,,,,,,,,,,,,,,,,,,,,,,,,,,,,,,,,,,,,,,,,,,,,,,,,,,,,,,,,,99.91,,,,,,,,,,,,,,,,,,,
348,3R_vergossen,28,nein,,Sn,,,"RFA Standard, vergossen  ",in house STD,,,,,,,,,,,,,,,,,,,,,,,,,,,,,,,,,,,,,,,,,,,,,,,,,,,,,,,,,,,,,,,,,,,,,,,,,,,,,,,,,,,,,,,,,,,,,,,,99.998,,,,,,,,,,,,,,,,,,,,,,,99.998,,,,,,,,,,,,,,,,,,,
,AGA,,,,,,,AGA1,Ag_Standards_AGA,,,,,,,,,,,,,,,,,,,,,,,,,,,,,,,,,,,,,,,,,,,,,,,,,,,,,,,,,0.039,,,,,,,,,,,,,,,19.95,0.211,,,,,,,,,,,,,77.58,,,,,,,,,,0.29,0.05,,,,,,,,,1.48,,,,,,0.207,0.194,,,,,,100.001,,,,,,,,,,,,,,,,,,,
,AGA,,,,,,,AGA2,Ag_Standards_AGA,,,,,,,,,,,,,,,,,,,,,,,,,,,,,,,,,,,,,,,,,,,,,,,,,,,,,,,,,0.027,,,,,,,,,,,,,,,10.00,0.502,,,,,,,,,,,,,87.13,,,,,,,,,,0.52,0.19,,,,,,,,,0.5,,,,,,1.02,0.113,,,,,,100.002,,,,,,,,,,,,,,,,,,,
,AGA,,,,,,,AGA3,Ag_Standards_AGA,,,,,,,,,,,,,,,,,,,,,,,,,,,,,,,,,,,,,,,,,,,,,,,,,,,,,,,,,0.02,,,,,,,,,,,,,,,4.91,0.816,,,,,,,,,,,,,90.22,,,,,,,,,,0.921,0.459,,,,,,,,,0.26,,,,,,1.89,0.5,,,,,,99.996,,,,,,,,,,,,,,,,,,,